scenario;hour;building;battery_capacity;battery_initial_soc;battery_min_soc;max_charge_power;max_discharge_power;charge_efficiency;discharge_efficiency;export_price_factor;consumption;pv_generation;price;export_price;pv_used_directly;battery_soc;battery_charge_input;battery_charge;battery_discharge;battery_discharge_from_soc;battery_losses;grid_import;grid_export;energy_purchase_cost;export_revenue;energy_cost;decision;study_case;cycle_day;terminal_soc_difference_day
Sin control;0;Edificio A;10,0;2,0;2,0;3,0;3,0;0,95;0,95;0,4;1,4436518045494862;0,0;0,14;0,05600000000000001;0,0;2,0;0,0;0,0;0,0;0,0;0,0;1,4436518045494862;0,0;0,20211125263692808;0,0;0,20211125263692808;Uso directo de PV e importacion/exportacion de red;Caso base;1;0,0
Sin control;1;Edificio A;10,0;2,0;2,0;3,0;3,0;0,95;0,95;0,4;0,9082365379524887;0,0;0,13;0,052000000000000005;0,0;2,0;0,0;0,0;0,0;0,0;0,0;0,9082365379524887;0,0;0,11807074993382354;0,0;0,11807074993382354;Uso directo de PV e importacion/exportacion de red;Caso base;1;0,0
Sin control;2;Edificio A;10,0;2,0;2,0;3,0;3,0;0,95;0,95;0,4;0,8207742371604817;0,0;0,12;0,048;0,0;2,0;0,0;0,0;0,0;0,0;0,0;0,8207742371604817;0,0;0,0984929084592578;0,0;0,0984929084592578;Uso directo de PV e importacion/exportacion de red;Caso base;1;0,0
Sin control;3;Edificio A;10,0;2,0;2,0;3,0;3,0;0,95;0,95;0,4;0,6390547066765745;0,0;0,12;0,048;0,0;2,0;0,0;0,0;0,0;0,0;0,0;0,6390547066765745;0,0;0,07668656480118893;0,0;0,07668656480118893;Uso directo de PV e importacion/exportacion de red;Caso base;1;0,0
Sin control;4;Edificio A;10,0;2,0;2,0;3,0;3,0;0,95;0,95;0,4;0,9298111443987018;0,0;0,13;0,052000000000000005;0,0;2,0;0,0;0,0;0,0;0,0;0,0;0,9298111443987018;0,0;0,12087544877183125;0,0;0,12087544877183125;Uso directo de PV e importacion/exportacion de red;Caso base;1;0,0
Sin control;5;Edificio A;10,0;2,0;2,0;3,0;3,0;0,95;0,95;0,4;0,6547691954679575;0,0;0,15;0,06;0,0;2,0;0,0;0,0;0,0;0,0;0,0;0,6547691954679575;0,0;0,09821537932019363;0,0;0,09821537932019363;Uso directo de PV e importacion/exportacion de red;Caso base;1;0,0
Sin control;6;Edificio A;10,0;2,0;2,0;3,0;3,0;0,95;0,95;0,4;1,761721764632472;0,3;0,18;0,072;0,3;2,0;0,0;0,0;0,0;0,0;0,0;1,461721764632472;0,0;0,26310991763384495;0,0;0,26310991763384495;Uso directo de PV e importacion/exportacion de red;Caso base;1;0,0
Sin control;7;Edificio A;10,0;2,0;2,0;3,0;3,0;0,95;0,95;0,4;2,0858189648657346;0,8;0,22;0,08800000000000001;0,8;2,0;0,0;0,0;0,0;0,0;0,0;1,2858189648657345;0,0;0,2828801722704616;0,0;0,2828801722704616;Uso directo de PV e importacion/exportacion de red;Caso base;1;0,0
Sin control;8;Edificio A;10,0;2,0;2,0;3,0;3,0;0,95;0,95;0,4;2,547855864408565;1,5;0,24;0,096;1,5;2,0;0,0;0,0;0,0;0,0;0,0;1,047855864408565;0,0;0,2514854074580556;0,0;0,2514854074580556;Uso directo de PV e importacion/exportacion de red;Caso base;1;0,0
Sin control;9;Edificio A;10,0;2,0;2,0;3,0;3,0;0,95;0,95;0,4;1,9625944436783884;2,4;0,2;0,08000000000000002;1,9625944436783884;2,0;0,0;0,0;0,0;0,0;0,0;0,0;0,4374055563216115;0,0;0,03499244450572893;-0,03499244450572893;Uso directo de PV e importacion/exportacion de red;Caso base;1;0,0
Sin control;10;Edificio A;10,0;2,0;2,0;3,0;3,0;0,95;0,95;0,4;2,0193161905567463;3,2;0,17;0,068;2,0193161905567463;2,0;0,0;0,0;0,0;0,0;0,0;0,0;1,180683809443254;0,0;0,08028649904214127;-0,08028649904214127;Uso directo de PV e importacion/exportacion de red;Caso base;1;0,0
Sin control;11;Edificio A;10,0;2,0;2,0;3,0;3,0;0,95;0,95;0,4;1,390978893575352;3,8;0,15;0,06;1,390978893575352;2,0;0,0;0,0;0,0;0,0;0,0;0,0;2,409021106424648;0,0;0,14454126638547887;-0,14454126638547887;Uso directo de PV e importacion/exportacion de red;Caso base;1;0,0
Sin control;12;Edificio A;10,0;2,0;2,0;3,0;3,0;0,95;0,95;0,4;1,8516374193979739;4,0;0,14;0,05600000000000001;1,8516374193979739;2,0;0,0;0,0;0,0;0,0;0,0;0,0;2,148362580602026;0,0;0,12030830451371348;-0,12030830451371348;Uso directo de PV e importacion/exportacion de red;Caso base;1;0,0
Sin control;13;Edificio A;10,0;2,0;2,0;3,0;3,0;0,95;0,95;0,4;2,0423918467997377;3,7;0,15;0,06;2,0423918467997377;2,0;0,0;0,0;0,0;0,0;0,0;0,0;1,6576081532002624;0,0;0,09945648919201575;-0,09945648919201575;Uso directo de PV e importacion/exportacion de red;Caso base;1;0,0
Sin control;14;Edificio A;10,0;2,0;2,0;3,0;3,0;0,95;0,95;0,4;2,1700654163503157;3,0;0,17;0,068;2,1700654163503157;2,0;0,0;0,0;0,0;0,0;0,0;0,0;0,8299345836496843;0,0;0,056435551688178535;-0,056435551688178535;Uso directo de PV e importacion/exportacion de red;Caso base;1;0,0
Sin control;15;Edificio A;10,0;2,0;2,0;3,0;3,0;0,95;0,95;0,4;1,6350163099028954;2,1;0,2;0,08000000000000002;1,6350163099028954;2,0;0,0;0,0;0,0;0,0;0,0;0,0;0,4649836900971047;0,0;0,03719869520776838;-0,03719869520776838;Uso directo de PV e importacion/exportacion de red;Caso base;1;0,0
Sin control;16;Edificio A;10,0;2,0;2,0;3,0;3,0;0,95;0,95;0,4;2,1741357688674348;1,2;0,23;0,09200000000000001;1,2;2,0;0,0;0,0;0,0;0,0;0,0;0,9741357688674348;0,0;0,22405122683951;0,0;0,22405122683951;Uso directo de PV e importacion/exportacion de red;Caso base;1;0,0
Sin control;17;Edificio A;10,0;2,0;2,0;3,0;3,0;0,95;0,95;0,4;2,868321237311794;0,4;0,28;0,11200000000000002;0,4;2,0;0,0;0,0;0,0;0,0;0,0;2,468321237311794;0,0;0,6911299464473024;0,0;0,6911299464473024;Uso directo de PV e importacion/exportacion de red;Caso base;1;0,0
Sin control;18;Edificio A;10,0;2,0;2,0;3,0;3,0;0,95;0,95;0,4;3,506332062007339;0,0;0,3;0,12;0,0;2,0;0,0;0,0;0,0;0,0;0,0;3,506332062007339;0,0;1,0518996186022016;0,0;1,0518996186022016;Uso directo de PV e importacion/exportacion de red;Caso base;1;0,0
Sin control;19;Edificio A;10,0;2,0;2,0;3,0;3,0;0,95;0,95;0,4;3,2874222820573733;0,0;0,27;0,10800000000000001;0,0;2,0;0,0;0,0;0,0;0,0;0,0;3,2874222820573733;0,0;0,8876040161554909;0,0;0,8876040161554909;Uso directo de PV e importacion/exportacion de red;Caso base;1;0,0
Sin control;20;Edificio A;10,0;2,0;2,0;3,0;3,0;0,95;0,95;0,4;2,6349071234180617;0,0;0,24;0,096;0,0;2,0;0,0;0,0;0,0;0,0;0,0;2,6349071234180617;0,0;0,6323777096203348;0,0;0,6323777096203348;Uso directo de PV e importacion/exportacion de red;Caso base;1;0,0
Sin control;21;Edificio A;10,0;2,0;2,0;3,0;3,0;0,95;0,95;0,4;2,471708556475942;0,0;0,2;0,08000000000000002;0,0;2,0;0,0;0,0;0,0;0,0;0,0;2,471708556475942;0,0;0,4943417112951884;0,0;0,4943417112951884;Uso directo de PV e importacion/exportacion de red;Caso base;1;0,0
Sin control;22;Edificio A;10,0;2,0;2,0;3,0;3,0;0,95;0,95;0,4;1,9352386080889195;0,0;0,17;0,068;0,0;2,0;0,0;0,0;0,0;0,0;0,0;1,9352386080889195;0,0;0,32899056337511634;0,0;0,32899056337511634;Uso directo de PV e importacion/exportacion de red;Caso base;1;0,0
Sin control;23;Edificio A;10,0;2,0;2,0;3,0;3,0;0,95;0,95;0,4;1,4753741508352802;0,0;0,15;0,06;0,0;2,0;0,0;0,0;0,0;0,0;0,0;1,4753741508352802;0,0;0,22130612262529203;0,0;0,22130612262529203;Uso directo de PV e importacion/exportacion de red;Caso base;1;0,0
Sin control;0;Edificio B;8,0;1,6;1,6;2,5;2,5;0,95;0,95;0,4;1,1374863228891794;0,0;0,14;0,05600000000000001;0,0;1,6;0,0;0,0;0,0;0,0;0,0;1,1374863228891794;0,0;0,15924808520448513;0,0;0,15924808520448513;Uso directo de PV e importacion/exportacion de red;Caso base;1;0,0
Sin control;1;Edificio B;8,0;1,6;1,6;2,5;2,5;0,95;0,95;0,4;0,9915599759160506;0,0;0,13;0,052000000000000005;0,0;1,6;0,0;0,0;0,0;0,0;0,0;0,9915599759160506;0,0;0,1289027968690866;0,0;0,1289027968690866;Uso directo de PV e importacion/exportacion de red;Caso base;1;0,0
Sin control;2;Edificio B;8,0;1,6;1,6;2,5;2,5;0,95;0,95;0,4;0,579570585649732;0,0;0,12;0,048;0,0;1,6;0,0;0,0;0,0;0,0;0,0;0,579570585649732;0,0;0,06954847027796783;0,0;0,06954847027796783;Uso directo de PV e importacion/exportacion de red;Caso base;1;0,0
Sin control;3;Edificio B;8,0;1,6;1,6;2,5;2,5;0,95;0,95;0,4;1,0460406212607483;0,0;0,12;0,048;0,0;1,6;0,0;0,0;0,0;0,0;0,0;1,0460406212607483;0,0;0,1255248745512898;0,0;0,1255248745512898;Uso directo de PV e importacion/exportacion de red;Caso base;1;0,0
Sin control;4;Edificio B;8,0;1,6;1,6;2,5;2,5;0,95;0,95;0,4;0,5309846622207706;0,0;0,13;0,052000000000000005;0,0;1,6;0,0;0,0;0,0;0,0;0,0;0,5309846622207706;0,0;0,06902800608870018;0,0;0,06902800608870018;Uso directo de PV e importacion/exportacion de red;Caso base;1;0,0
Sin control;5;Edificio B;8,0;1,6;1,6;2,5;2,5;0,95;0,95;0,4;0,8737378951515694;0,0;0,15;0,06;0,0;1,6;0,0;0,0;0,0;0,0;0,0;0,8737378951515694;0,0;0,1310606842727354;0,0;0,1310606842727354;Uso directo de PV e importacion/exportacion de red;Caso base;1;0,0
Sin control;6;Edificio B;8,0;1,6;1,6;2,5;2,5;0,95;0,95;0,4;1,5754322125737064;0,3;0,18;0,072;0,3;1,6;0,0;0,0;0,0;0,0;0,0;1,2754322125737063;0,0;0,22957779826326713;0,0;0,22957779826326713;Uso directo de PV e importacion/exportacion de red;Caso base;1;0,0
Sin control;7;Edificio B;8,0;1,6;1,6;2,5;2,5;0,95;0,95;0,4;2,0132067870089156;0,8;0,22;0,08800000000000001;0,8;1,6;0,0;0,0;0,0;0,0;0,0;1,2132067870089156;0,0;0,26690549314196144;0,0;0,26690549314196144;Uso directo de PV e importacion/exportacion de red;Caso base;1;0,0
Sin control;8;Edificio B;8,0;1,6;1,6;2,5;2,5;0,95;0,95;0,4;2,3413071671706494;1,5;0,24;0,096;1,5;1,6;0,0;0,0;0,0;0,0;0,0;0,8413071671706494;0,0;0,20191372012095585;0,0;0,20191372012095585;Uso directo de PV e importacion/exportacion de red;Caso base;1;0,0
Sin control;9;Edificio B;8,0;1,6;1,6;2,5;2,5;0,95;0,95;0,4;1,8636488577609727;2,4;0,2;0,08000000000000002;1,8636488577609727;1,6;0,0;0,0;0,0;0,0;0,0;0,0;0,5363511422390272;0,0;0,04290809137912219;-0,04290809137912219;Uso directo de PV e importacion/exportacion de red;Caso base;1;0,0
Sin control;10;Edificio B;8,0;1,6;1,6;2,5;2,5;0,95;0,95;0,4;1,8827181066819636;3,2;0,17;0,068;1,8827181066819636;1,6;0,0;0,0;0,0;0,0;0,0;0,0;1,3172818933180366;0,0;0,08957516874562649;-0,08957516874562649;Uso directo de PV e importacion/exportacion de red;Caso base;1;0,0
Sin control;11;Edificio B;8,0;1,6;1,6;2,5;2,5;0,95;0,95;0,4;2,0438312019222438;3,8;0,15;0,06;2,0438312019222438;1,6;0,0;0,0;0,0;0,0;0,0;0,0;1,756168798077756;0,0;0,10537012788466536;-0,10537012788466536;Uso directo de PV e importacion/exportacion de red;Caso base;1;0,0
Sin control;12;Edificio B;8,0;1,6;1,6;2,5;2,5;0,95;0,95;0,4;1,9062309089497604;4,0;0,14;0,05600000000000001;1,9062309089497604;1,6;0,0;0,0;0,0;0,0;0,0;0,0;2,0937690910502393;0,0;0,11725106909881342;-0,11725106909881342;Uso directo de PV e importacion/exportacion de red;Caso base;1;0,0
Sin control;13;Edificio B;8,0;1,6;1,6;2,5;2,5;0,95;0,95;0,4;1,9323111832329727;3,7;0,15;0,06;1,9323111832329727;1,6;0,0;0,0;0,0;0,0;0,0;0,0;1,7676888167670275;0,0;0,10606132900602165;-0,10606132900602165;Uso directo de PV e importacion/exportacion de red;Caso base;1;0,0
Sin control;14;Edificio B;8,0;1,6;1,6;2,5;2,5;0,95;0,95;0,4;2,080858748087118;3,0;0,17;0,068;2,080858748087118;1,6;0,0;0,0;0,0;0,0;0,0;0,0;0,9191412519128819;0,0;0,06250160513007597;-0,06250160513007597;Uso directo de PV e importacion/exportacion de red;Caso base;1;0,0
Sin control;15;Edificio B;8,0;1,6;1,6;2,5;2,5;0,95;0,95;0,4;1,71057604502903;2,1;0,2;0,08000000000000002;1,71057604502903;1,6;0,0;0,0;0,0;0,0;0,0;0,0;0,38942395497097015;0,0;0,031153916397677617;-0,031153916397677617;Uso directo de PV e importacion/exportacion de red;Caso base;1;0,0
Sin control;16;Edificio B;8,0;1,6;1,6;2,5;2,5;0,95;0,95;0,4;2,1971304255218276;1,2;0,23;0,09200000000000001;1,2;1,6;0,0;0,0;0,0;0,0;0,0;0,9971304255218276;0,0;0,22933999787002035;0,0;0,22933999787002035;Uso directo de PV e importacion/exportacion de red;Caso base;1;0,0
Sin control;17;Edificio B;8,0;1,6;1,6;2,5;2,5;0,95;0,95;0,4;3,1762501829250436;0,4;0,28;0,11200000000000002;0,4;1,6;0,0;0,0;0,0;0,0;0,0;2,7762501829250437;0,0;0,7773500512190124;0,0;0,7773500512190124;Uso directo de PV e importacion/exportacion de red;Caso base;1;0,0
Sin control;18;Edificio B;8,0;1,6;1,6;2,5;2,5;0,95;0,95;0,4;3,387819357605921;0,0;0,3;0,12;0,0;1,6;0,0;0,0;0,0;0,0;0,0;3,387819357605921;0,0;1,0163458072817761;0,0;1,0163458072817761;Uso directo de PV e importacion/exportacion de red;Caso base;1;0,0
Sin control;19;Edificio B;8,0;1,6;1,6;2,5;2,5;0,95;0,95;0,4;3,2013537876459988;0,0;0,27;0,10800000000000001;0,0;1,6;0,0;0,0;0,0;0,0;0,0;3,2013537876459988;0,0;0,8643655226644197;0,0;0,8643655226644197;Uso directo de PV e importacion/exportacion de red;Caso base;1;0,0
Sin control;20;Edificio B;8,0;1,6;1,6;2,5;2,5;0,95;0,95;0,4;2,6682838160139486;0,0;0,24;0,096;0,0;1,6;0,0;0,0;0,0;0,0;0,0;2,6682838160139486;0,0;0,6403881158433476;0,0;0,6403881158433476;Uso directo de PV e importacion/exportacion de red;Caso base;1;0,0
Sin control;21;Edificio B;8,0;1,6;1,6;2,5;2,5;0,95;0,95;0,4;2,2765348744423064;0,0;0,2;0,08000000000000002;0,0;1,6;0,0;0,0;0,0;0,0;0,0;2,2765348744423064;0,0;0,4553069748884613;0,0;0,4553069748884613;Uso directo de PV e importacion/exportacion de red;Caso base;1;0,0
Sin control;22;Edificio B;8,0;1,6;1,6;2,5;2,5;0,95;0,95;0,4;1,8384855678001943;0,0;0,17;0,068;0,0;1,6;0,0;0,0;0,0;0,0;0,0;1,8384855678001943;0,0;0,3125425465260331;0,0;0,3125425465260331;Uso directo de PV e importacion/exportacion de red;Caso base;1;0,0
Sin control;23;Edificio B;8,0;1,6;1,6;2,5;2,5;0,95;0,95;0,4;1,2516831426845567;0,0;0,15;0,06;0,0;1,6;0,0;0,0;0,0;0,0;0,0;1,2516831426845567;0,0;0,1877524714026835;0,0;0,1877524714026835;Uso directo de PV e importacion/exportacion de red;Caso base;1;0,0
Reglas;0;Edificio A;10,0;2,0;2,0;3,0;3,0;0,95;0,95;0,4;1,4436518045494862;0,0;0,14;0,05600000000000001;0,0;2,0;0,0;0,0;0,0;0,0;0,0;1,4436518045494862;0,0;0,20211125263692808;0,0;0,20211125263692808;Importa energia de red;Caso base;1;0,0
Reglas;1;Edificio A;10,0;2,0;2,0;3,0;3,0;0,95;0,95;0,4;0,9082365379524887;0,0;0,13;0,052000000000000005;0,0;2,0;0,0;0,0;0,0;0,0;0,0;0,9082365379524887;0,0;0,11807074993382354;0,0;0,11807074993382354;Importa energia de red;Caso base;1;0,0
Reglas;2;Edificio A;10,0;2,0;2,0;3,0;3,0;0,95;0,95;0,4;0,8207742371604817;0,0;0,12;0,048;0,0;2,0;0,0;0,0;0,0;0,0;0,0;0,8207742371604817;0,0;0,0984929084592578;0,0;0,0984929084592578;Importa energia de red;Caso base;1;0,0
Reglas;3;Edificio A;10,0;2,0;2,0;3,0;3,0;0,95;0,95;0,4;0,6390547066765745;0,0;0,12;0,048;0,0;2,0;0,0;0,0;0,0;0,0;0,0;0,6390547066765745;0,0;0,07668656480118893;0,0;0,07668656480118893;Importa energia de red;Caso base;1;0,0
Reglas;4;Edificio A;10,0;2,0;2,0;3,0;3,0;0,95;0,95;0,4;0,9298111443987018;0,0;0,13;0,052000000000000005;0,0;2,0;0,0;0,0;0,0;0,0;0,0;0,9298111443987018;0,0;0,12087544877183125;0,0;0,12087544877183125;Importa energia de red;Caso base;1;0,0
Reglas;5;Edificio A;10,0;2,0;2,0;3,0;3,0;0,95;0,95;0,4;0,6547691954679575;0,0;0,15;0,06;0,0;2,0;0,0;0,0;0,0;0,0;0,0;0,6547691954679575;0,0;0,09821537932019363;0,0;0,09821537932019363;Importa energia de red;Caso base;1;0,0
Reglas;6;Edificio A;10,0;2,0;2,0;3,0;3,0;0,95;0,95;0,4;1,761721764632472;0,3;0,18;0,072;0,3;2,0;0,0;0,0;0,0;0,0;0,0;1,461721764632472;0,0;0,26310991763384495;0,0;0,26310991763384495;Importa energia de red;Caso base;1;0,0
Reglas;7;Edificio A;10,0;2,0;2,0;3,0;3,0;0,95;0,95;0,4;2,0858189648657346;0,8;0,22;0,08800000000000001;0,8;2,0;0,0;0,0;0,0;0,0;0,0;1,2858189648657345;0,0;0,2828801722704616;0,0;0,2828801722704616;Importa energia de red;Caso base;1;0,0
Reglas;8;Edificio A;10,0;2,0;2,0;3,0;3,0;0,95;0,95;0,4;2,547855864408565;1,5;0,24;0,096;1,5;2,0;0,0;0,0;0,0;0,0;0,0;1,047855864408565;0,0;0,2514854074580556;0,0;0,2514854074580556;Importa energia de red;Caso base;1;0,0
Reglas;9;Edificio A;10,0;2,0;2,0;3,0;3,0;0,95;0,95;0,4;1,9625944436783884;2,4;0,2;0,08000000000000002;1,9625944436783884;2,415535278505531;0,4374055563216115;0,4155352785055309;0,0;0,0;0,021870277816080586;0,0;0,0;0,0;0,0;0,0;Carga bateria con excedente PV;Caso base;1;0,0
Reglas;10;Edificio A;10,0;2,0;2,0;3,0;3,0;0,95;0,95;0,4;2,0193161905567463;3,2;0,17;0,068;2,0193161905567463;3,537184897476622;1,180683809443254;1,1216496189710912;0,0;0,0;0,05903419047216274;0,0;0,0;0,0;0,0;0,0;Carga bateria con excedente PV;Caso base;1;0,0
Reglas;11;Edificio A;10,0;2,0;2,0;3,0;3,0;0,95;0,95;0,4;1,390978893575352;3,8;0,15;0,06;1,390978893575352;5,8257549485800375;2,409021106424648;2,2885700511034153;0,0;0,0;0,12045105532123257;0,0;0,0;0,0;0,0;0,0;Carga bateria con excedente PV;Caso base;1;0,0
Reglas;12;Edificio A;10,0;2,0;2,0;3,0;3,0;0,95;0,95;0,4;1,8516374193979739;4,0;0,14;0,05600000000000001;1,8516374193979739;7,866699400151962;2,148362580602026;2,040944451571925;0,0;0,0;0,10741812903010128;0,0;0,0;0,0;0,0;0,0;Carga bateria con excedente PV;Caso base;1;0,0
Reglas;13;Edificio A;10,0;2,0;2,0;3,0;3,0;0,95;0,95;0,4;2,0423918467997377;3,7;0,15;0,06;2,0423918467997377;9,441427145692211;1,6576081532002624;1,5747277455402493;0,0;0,0;0,08288040766001314;0,0;0,0;0,0;0,0;0,0;Carga bateria con excedente PV;Caso base;1;0,0
Reglas;14;Edificio A;10,0;2,0;2,0;3,0;3,0;0,95;0,95;0,4;2,1700654163503157;3,0;0,17;0,068;2,1700654163503157;10,0;0,5879714255871461;0,5585728543077888;0,0;0,0;0,0293985712793573;0,0;0,2419631580625382;0,0;0,016453494748252598;-0,016453494748252598;Carga bateria con excedente PV;Caso base;1;0,0
Reglas;15;Edificio A;10,0;2,0;2,0;3,0;3,0;0,95;0,95;0,4;1,6350163099028954;2,1;0,2;0,08000000000000002;1,6350163099028954;10,0;0,0;0,0;0,0;0,0;0,0;0,0;0,4649836900971047;0,0;0,03719869520776838;-0,03719869520776838;Carga bateria con excedente PV;Caso base;1;0,0
Reglas;16;Edificio A;10,0;2,0;2,0;3,0;3,0;0,95;0,95;0,4;2,1741357688674348;1,2;0,23;0,09200000000000001;1,2;8,974593927507964;0,0;0,0;0,9741357688674348;1,0254060724920366;0,05127030362460183;0,0;0,0;0,0;0,0;0,0;Descarga bateria por precio elevado o demanda alta;Caso base;1;0,0
Reglas;17;Edificio A;10,0;2,0;2,0;3,0;3,0;0,95;0,95;0,4;2,868321237311794;0,4;0,28;0,11200000000000002;0,4;6,376361046127128;0,0;0,0;2,468321237311794;2,598232881380836;0,129911644069042;0,0;0,0;0,0;0,0;0,0;Descarga bateria por precio elevado o demanda alta;Caso base;1;0,0
Reglas;18;Edificio A;10,0;2,0;2,0;3,0;3,0;0,95;0,95;0,4;3,506332062007339;0,0;0,3;0,12;0,0;3,2184663092850228;0,0;0,0;3,0;3,1578947368421053;0,1578947368421053;0,5063320620073388;0,0;0,15189961860220164;0,0;0,15189961860220164;Descarga bateria por precio elevado o demanda alta;Caso base;1;0,0
Reglas;19;Edificio A;10,0;2,0;2,0;3,0;3,0;0,95;0,95;0,4;3,2874222820573733;0,0;0,27;0,10800000000000001;0,0;2,0;0,0;0,0;1,1575429938207715;1,2184663092850228;0,060923315464251226;2,1298792882366016;0,0;0,5750674078238824;0,0;0,5750674078238824;Descarga bateria por precio elevado o demanda alta;Caso base;1;0,0
Reglas;20;Edificio A;10,0;2,0;2,0;3,0;3,0;0,95;0,95;0,4;2,6349071234180617;0,0;0,24;0,096;0,0;2,0;0,0;0,0;0,0;0,0;0,0;2,6349071234180617;0,0;0,6323777096203348;0,0;0,6323777096203348;Importa energia de red;Caso base;1;0,0
Reglas;21;Edificio A;10,0;2,0;2,0;3,0;3,0;0,95;0,95;0,4;2,471708556475942;0,0;0,2;0,08000000000000002;0,0;2,0;0,0;0,0;0,0;0,0;0,0;2,471708556475942;0,0;0,4943417112951884;0,0;0,4943417112951884;Importa energia de red;Caso base;1;0,0
Reglas;22;Edificio A;10,0;2,0;2,0;3,0;3,0;0,95;0,95;0,4;1,9352386080889195;0,0;0,17;0,068;0,0;2,0;0,0;0,0;0,0;0,0;0,0;1,9352386080889195;0,0;0,32899056337511634;0,0;0,32899056337511634;Importa energia de red;Caso base;1;0,0
Reglas;23;Edificio A;10,0;2,0;2,0;3,0;3,0;0,95;0,95;0,4;1,4753741508352802;0,0;0,15;0,06;0,0;2,0;0,0;0,0;0,0;0,0;0,0;1,4753741508352802;0,0;0,22130612262529203;0,0;0,22130612262529203;Importa energia de red;Caso base;1;0,0
Reglas;0;Edificio B;8,0;1,6;1,6;2,5;2,5;0,95;0,95;0,4;1,1374863228891794;0,0;0,14;0,05600000000000001;0,0;1,6;0,0;0,0;0,0;0,0;0,0;1,1374863228891794;0,0;0,15924808520448513;0,0;0,15924808520448513;Importa energia de red;Caso base;1;0,0
Reglas;1;Edificio B;8,0;1,6;1,6;2,5;2,5;0,95;0,95;0,4;0,9915599759160506;0,0;0,13;0,052000000000000005;0,0;1,6;0,0;0,0;0,0;0,0;0,0;0,9915599759160506;0,0;0,1289027968690866;0,0;0,1289027968690866;Importa energia de red;Caso base;1;0,0
Reglas;2;Edificio B;8,0;1,6;1,6;2,5;2,5;0,95;0,95;0,4;0,579570585649732;0,0;0,12;0,048;0,0;1,6;0,0;0,0;0,0;0,0;0,0;0,579570585649732;0,0;0,06954847027796783;0,0;0,06954847027796783;Importa energia de red;Caso base;1;0,0
Reglas;3;Edificio B;8,0;1,6;1,6;2,5;2,5;0,95;0,95;0,4;1,0460406212607483;0,0;0,12;0,048;0,0;1,6;0,0;0,0;0,0;0,0;0,0;1,0460406212607483;0,0;0,1255248745512898;0,0;0,1255248745512898;Importa energia de red;Caso base;1;0,0
Reglas;4;Edificio B;8,0;1,6;1,6;2,5;2,5;0,95;0,95;0,4;0,5309846622207706;0,0;0,13;0,052000000000000005;0,0;1,6;0,0;0,0;0,0;0,0;0,0;0,5309846622207706;0,0;0,06902800608870018;0,0;0,06902800608870018;Importa energia de red;Caso base;1;0,0
Reglas;5;Edificio B;8,0;1,6;1,6;2,5;2,5;0,95;0,95;0,4;0,8737378951515694;0,0;0,15;0,06;0,0;1,6;0,0;0,0;0,0;0,0;0,0;0,8737378951515694;0,0;0,1310606842727354;0,0;0,1310606842727354;Importa energia de red;Caso base;1;0,0
Reglas;6;Edificio B;8,0;1,6;1,6;2,5;2,5;0,95;0,95;0,4;1,5754322125737064;0,3;0,18;0,072;0,3;1,6;0,0;0,0;0,0;0,0;0,0;1,2754322125737063;0,0;0,22957779826326713;0,0;0,22957779826326713;Importa energia de red;Caso base;1;0,0
Reglas;7;Edificio B;8,0;1,6;1,6;2,5;2,5;0,95;0,95;0,4;2,0132067870089156;0,8;0,22;0,08800000000000001;0,8;1,6;0,0;0,0;0,0;0,0;0,0;1,2132067870089156;0,0;0,26690549314196144;0,0;0,26690549314196144;Importa energia de red;Caso base;1;0,0
Reglas;8;Edificio B;8,0;1,6;1,6;2,5;2,5;0,95;0,95;0,4;2,3413071671706494;1,5;0,24;0,096;1,5;1,6;0,0;0,0;0,0;0,0;0,0;0,8413071671706494;0,0;0,20191372012095585;0,0;0,20191372012095585;Importa energia de red;Caso base;1;0,0
Reglas;9;Edificio B;8,0;1,6;1,6;2,5;2,5;0,95;0,95;0,4;1,8636488577609727;2,4;0,2;0,08000000000000002;1,8636488577609727;2,109533585127076;0,5363511422390272;0,5095335851270758;0,0;0,0;0,02681755711195144;0,0;0,0;0,0;0,0;0,0;Carga bateria con excedente PV;Caso base;1;0,0
Reglas;10;Edificio B;8,0;1,6;1,6;2,5;2,5;0,95;0,95;0,4;1,8827181066819636;3,2;0,17;0,068;1,8827181066819636;3,3609513837792107;1,3172818933180366;1,2514177986521346;0,0;0,0;0,06586409466590193;0,0;0,0;0,0;0,0;0,0;Carga bateria con excedente PV;Caso base;1;0,0
Reglas;11;Edificio B;8,0;1,6;1,6;2,5;2,5;0,95;0,95;0,4;2,0438312019222438;3,8;0,15;0,06;2,0438312019222438;5,029311741953078;1,756168798077756;1,6683603581738682;0,0;0,0;0,08780843990388787;0,0;0,0;0,0;0,0;0,0;Carga bateria con excedente PV;Caso base;1;0,0
Reglas;12;Edificio B;8,0;1,6;1,6;2,5;2,5;0,95;0,95;0,4;1,9062309089497604;4,0;0,14;0,05600000000000001;1,9062309089497604;7,018392378450805;2,0937690910502393;1,9890806364977274;0,0;0,0;0,10468845455251197;0,0;0,0;0,0;0,0;0,0;Carga bateria con excedente PV;Caso base;1;0,0
Reglas;13;Edificio B;8,0;1,6;1,6;2,5;2,5;0,95;0,95;0,4;1,9323111832329727;3,7;0,15;0,06;1,9323111832329727;8,0;1,0332711805780996;0,9816076215491946;0,0;0,0;0,05166355902890507;0,0;0,7344176361889279;0,0;0,04406505817133567;-0,04406505817133567;Carga bateria con excedente PV;Caso base;1;0,0
Reglas;14;Edificio B;8,0;1,6;1,6;2,5;2,5;0,95;0,95;0,4;2,080858748087118;3,0;0,17;0,068;2,080858748087118;8,0;0,0;0,0;0,0;0,0;0,0;0,0;0,9191412519128819;0,0;0,06250160513007597;-0,06250160513007597;Carga bateria con excedente PV;Caso base;1;0,0
Reglas;15;Edificio B;8,0;1,6;1,6;2,5;2,5;0,95;0,95;0,4;1,71057604502903;2,1;0,2;0,08000000000000002;1,71057604502903;8,0;0,0;0,0;0,0;0,0;0,0;0,0;0,38942395497097015;0,0;0,031153916397677617;-0,031153916397677617;Carga bateria con excedente PV;Caso base;1;0,0
Reglas;16;Edificio B;8,0;1,6;1,6;2,5;2,5;0,95;0,95;0,4;2,1971304255218276;1,2;0,23;0,09200000000000001;1,2;6,950389025766497;0,0;0,0;0,9971304255218276;1,049610974233503;0,05248054871167529;0,0;0,0;0,0;0,0;0,0;Descarga bateria por precio elevado o demanda alta;Caso base;1;0,0
Reglas;17;Edificio B;8,0;1,6;1,6;2,5;2,5;0,95;0,95;0,4;3,1762501829250436;0,4;0,28;0,11200000000000002;0,4;4,318810078398076;0,0;0,0;2,5;2,6315789473684212;0,13157894736842124;0,27625018292504366;0,0;0,07735005121901223;0,0;0,07735005121901223;Descarga bateria por precio elevado o demanda alta;Caso base;1;0,0
Reglas;18;Edificio B;8,0;1,6;1,6;2,5;2,5;0,95;0,95;0,4;3,387819357605921;0,0;0,3;0,12;0,0;1,6872311310296544;0,0;0,0;2,5;2,6315789473684212;0,13157894736842124;0,8878193576059208;0,0;0,2663458072817762;0,0;0,2663458072817762;Descarga bateria por precio elevado o demanda alta;Caso base;1;0,0
Reglas;19;Edificio B;8,0;1,6;1,6;2,5;2,5;0,95;0,95;0,4;3,2013537876459988;0,0;0,27;0,10800000000000001;0,0;1,6;0,0;0,0;0,08286957447817157;0,0872311310296543;0,004361556551482723;3,118484213167827;0,0;0,8419907375553133;0,0;0,8419907375553133;Descarga bateria por precio elevado o demanda alta;Caso base;1;0,0
Reglas;20;Edificio B;8,0;1,6;1,6;2,5;2,5;0,95;0,95;0,4;2,6682838160139486;0,0;0,24;0,096;0,0;1,6;0,0;0,0;0,0;0,0;0,0;2,6682838160139486;0,0;0,6403881158433476;0,0;0,6403881158433476;Importa energia de red;Caso base;1;0,0
Reglas;21;Edificio B;8,0;1,6;1,6;2,5;2,5;0,95;0,95;0,4;2,2765348744423064;0,0;0,2;0,08000000000000002;0,0;1,6;0,0;0,0;0,0;0,0;0,0;2,2765348744423064;0,0;0,4553069748884613;0,0;0,4553069748884613;Importa energia de red;Caso base;1;0,0
Reglas;22;Edificio B;8,0;1,6;1,6;2,5;2,5;0,95;0,95;0,4;1,8384855678001943;0,0;0,17;0,068;0,0;1,6;0,0;0,0;0,0;0,0;0,0;1,8384855678001943;0,0;0,3125425465260331;0,0;0,3125425465260331;Importa energia de red;Caso base;1;0,0
Reglas;23;Edificio B;8,0;1,6;1,6;2,5;2,5;0,95;0,95;0,4;1,2516831426845567;0,0;0,15;0,06;0,0;1,6;0,0;0,0;0,0;0,0;0,0;1,2516831426845567;0,0;0,1877524714026835;0,0;0,1877524714026835;Importa energia de red;Caso base;1;0,0
Reglas + decision avanzada;0;Edificio A;10,0;2,0;2,0;3,0;3,0;0,95;0,95;0,4;1,4436518045494862;0,0;0,14;0,05600000000000001;0,0;2,0;0,0;0,0;0,0;0,0;0,0;1,4436518045494862;0,0;0,20211125263692808;0,0;0,20211125263692808;Reserva bateria e importa energia de red;Caso base;1;0,0
Reglas + decision avanzada;1;Edificio A;10,0;2,0;2,0;3,0;3,0;0,95;0,95;0,4;0,9082365379524887;0,0;0,13;0,052000000000000005;0,0;2,0;0,0;0,0;0,0;0,0;0,0;0,9082365379524887;0,0;0,11807074993382354;0,0;0,11807074993382354;Reserva bateria e importa energia de red;Caso base;1;0,0
Reglas + decision avanzada;2;Edificio A;10,0;2,0;2,0;3,0;3,0;0,95;0,95;0,4;0,8207742371604817;0,0;0,12;0,048;0,0;2,0;0,0;0,0;0,0;0,0;0,0;0,8207742371604817;0,0;0,0984929084592578;0,0;0,0984929084592578;Reserva bateria e importa energia de red;Caso base;1;0,0
Reglas + decision avanzada;3;Edificio A;10,0;2,0;2,0;3,0;3,0;0,95;0,95;0,4;0,6390547066765745;0,0;0,12;0,048;0,0;2,0;0,0;0,0;0,0;0,0;0,0;0,6390547066765745;0,0;0,07668656480118893;0,0;0,07668656480118893;Reserva bateria e importa energia de red;Caso base;1;0,0
Reglas + decision avanzada;4;Edificio A;10,0;2,0;2,0;3,0;3,0;0,95;0,95;0,4;0,9298111443987018;0,0;0,13;0,052000000000000005;0,0;2,0;0,0;0,0;0,0;0,0;0,0;0,9298111443987018;0,0;0,12087544877183125;0,0;0,12087544877183125;Reserva bateria e importa energia de red;Caso base;1;0,0
Reglas + decision avanzada;5;Edificio A;10,0;2,0;2,0;3,0;3,0;0,95;0,95;0,4;0,6547691954679575;0,0;0,15;0,06;0,0;2,0;0,0;0,0;0,0;0,0;0,0;0,6547691954679575;0,0;0,09821537932019363;0,0;0,09821537932019363;Reserva bateria e importa energia de red;Caso base;1;0,0
Reglas + decision avanzada;6;Edificio A;10,0;2,0;2,0;3,0;3,0;0,95;0,95;0,4;1,761721764632472;0,3;0,18;0,072;0,3;2,0;0,0;0,0;0,0;0,0;0,0;1,461721764632472;0,0;0,26310991763384495;0,0;0,26310991763384495;Reserva bateria e importa energia de red;Caso base;1;0,0
Reglas + decision avanzada;7;Edificio A;10,0;2,0;2,0;3,0;3,0;0,95;0,95;0,4;2,0858189648657346;0,8;0,22;0,08800000000000001;0,8;2,0;0,0;0,0;0,0;0,0;0,0;1,2858189648657345;0,0;0,2828801722704616;0,0;0,2828801722704616;Reserva bateria e importa energia de red;Caso base;1;0,0
Reglas + decision avanzada;8;Edificio A;10,0;2,0;2,0;3,0;3,0;0,95;0,95;0,4;2,547855864408565;1,5;0,24;0,096;1,5;2,0;0,0;0,0;0,0;0,0;0,0;1,047855864408565;0,0;0,2514854074580556;0,0;0,2514854074580556;Reserva bateria e importa energia de red;Caso base;1;0,0
Reglas + decision avanzada;9;Edificio A;10,0;2,0;2,0;3,0;3,0;0,95;0,95;0,4;1,9625944436783884;2,4;0,2;0,08000000000000002;1,9625944436783884;2,415535278505531;0,4374055563216115;0,4155352785055309;0,0;0,0;0,021870277816080586;0,0;0,0;0,0;0,0;0,0;Carga bateria con excedente PV;Caso base;1;0,0
Reglas + decision avanzada;10;Edificio A;10,0;2,0;2,0;3,0;3,0;0,95;0,95;0,4;2,0193161905567463;3,2;0,17;0,068;2,0193161905567463;3,537184897476622;1,180683809443254;1,1216496189710912;0,0;0,0;0,05903419047216274;0,0;0,0;0,0;0,0;0,0;Carga bateria con excedente PV;Caso base;1;0,0
Reglas + decision avanzada;11;Edificio A;10,0;2,0;2,0;3,0;3,0;0,95;0,95;0,4;1,390978893575352;3,8;0,15;0,06;1,390978893575352;5,8257549485800375;2,409021106424648;2,2885700511034153;0,0;0,0;0,12045105532123257;0,0;0,0;0,0;0,0;0,0;Carga bateria con excedente PV;Caso base;1;0,0
Reglas + decision avanzada;12;Edificio A;10,0;2,0;2,0;3,0;3,0;0,95;0,95;0,4;1,8516374193979739;4,0;0,14;0,05600000000000001;1,8516374193979739;7,866699400151962;2,148362580602026;2,040944451571925;0,0;0,0;0,10741812903010128;0,0;0,0;0,0;0,0;0,0;Carga bateria con excedente PV;Caso base;1;0,0
Reglas + decision avanzada;13;Edificio A;10,0;2,0;2,0;3,0;3,0;0,95;0,95;0,4;2,0423918467997377;3,7;0,15;0,06;2,0423918467997377;9,441427145692211;1,6576081532002624;1,5747277455402493;0,0;0,0;0,08288040766001314;0,0;0,0;0,0;0,0;0,0;Carga bateria con excedente PV;Caso base;1;0,0
Reglas + decision avanzada;14;Edificio A;10,0;2,0;2,0;3,0;3,0;0,95;0,95;0,4;2,1700654163503157;3,0;0,17;0,068;2,1700654163503157;10,0;0,5879714255871461;0,5585728543077888;0,0;0,0;0,0293985712793573;0,0;0,2419631580625382;0,0;0,016453494748252598;-0,016453494748252598;Carga bateria con excedente PV;Caso base;1;0,0
Reglas + decision avanzada;15;Edificio A;10,0;2,0;2,0;3,0;3,0;0,95;0,95;0,4;1,6350163099028954;2,1;0,2;0,08000000000000002;1,6350163099028954;10,0;0,0;0,0;0,0;0,0;0,0;0,0;0,4649836900971047;0,0;0,03719869520776838;-0,03719869520776838;Carga bateria con excedente PV;Caso base;1;0,0
Reglas + decision avanzada;16;Edificio A;10,0;2,0;2,0;3,0;3,0;0,95;0,95;0,4;2,1741357688674348;1,2;0,23;0,09200000000000001;1,2;8,974593927507964;0,0;0,0;0,9741357688674348;1,0254060724920366;0,05127030362460183;0,0;0,0;0,0;0,0;0,0;Descarga bateria por apoyo avanzado a la decision;Caso base;1;0,0
Reglas + decision avanzada;17;Edificio A;10,0;2,0;2,0;3,0;3,0;0,95;0,95;0,4;2,868321237311794;0,4;0,28;0,11200000000000002;0,4;6,376361046127128;0,0;0,0;2,468321237311794;2,598232881380836;0,129911644069042;0,0;0,0;0,0;0,0;0,0;Descarga bateria por apoyo avanzado a la decision;Caso base;1;0,0
Reglas + decision avanzada;18;Edificio A;10,0;2,0;2,0;3,0;3,0;0,95;0,95;0,4;3,506332062007339;0,0;0,3;0,12;0,0;3,2184663092850228;0,0;0,0;3,0;3,1578947368421053;0,1578947368421053;0,5063320620073388;0,0;0,15189961860220164;0,0;0,15189961860220164;Descarga bateria por apoyo avanzado a la decision;Caso base;1;0,0
Reglas + decision avanzada;19;Edificio A;10,0;2,0;2,0;3,0;3,0;0,95;0,95;0,4;3,2874222820573733;0,0;0,27;0,10800000000000001;0,0;2,0;0,0;0,0;1,1575429938207715;1,2184663092850228;0,060923315464251226;2,1298792882366016;0,0;0,5750674078238824;0,0;0,5750674078238824;Descarga bateria por apoyo avanzado a la decision;Caso base;1;0,0
Reglas + decision avanzada;20;Edificio A;10,0;2,0;2,0;3,0;3,0;0,95;0,95;0,4;2,6349071234180617;0,0;0,24;0,096;0,0;2,0;0,0;0,0;0,0;0,0;0,0;2,6349071234180617;0,0;0,6323777096203348;0,0;0,6323777096203348;Reserva bateria e importa energia de red;Caso base;1;0,0
Reglas + decision avanzada;21;Edificio A;10,0;2,0;2,0;3,0;3,0;0,95;0,95;0,4;2,471708556475942;0,0;0,2;0,08000000000000002;0,0;2,0;0,0;0,0;0,0;0,0;0,0;2,471708556475942;0,0;0,4943417112951884;0,0;0,4943417112951884;Reserva bateria e importa energia de red;Caso base;1;0,0
Reglas + decision avanzada;22;Edificio A;10,0;2,0;2,0;3,0;3,0;0,95;0,95;0,4;1,9352386080889195;0,0;0,17;0,068;0,0;2,0;0,0;0,0;0,0;0,0;0,0;1,9352386080889195;0,0;0,32899056337511634;0,0;0,32899056337511634;Reserva bateria e importa energia de red;Caso base;1;0,0
Reglas + decision avanzada;23;Edificio A;10,0;2,0;2,0;3,0;3,0;0,95;0,95;0,4;1,4753741508352802;0,0;0,15;0,06;0,0;2,0;0,0;0,0;0,0;0,0;0,0;1,4753741508352802;0,0;0,22130612262529203;0,0;0,22130612262529203;Reserva bateria e importa energia de red;Caso base;1;0,0
Reglas + decision avanzada;0;Edificio B;8,0;1,6;1,6;2,5;2,5;0,95;0,95;0,4;1,1374863228891794;0,0;0,14;0,05600000000000001;0,0;1,6;0,0;0,0;0,0;0,0;0,0;1,1374863228891794;0,0;0,15924808520448513;0,0;0,15924808520448513;Reserva bateria e importa energia de red;Caso base;1;0,0
Reglas + decision avanzada;1;Edificio B;8,0;1,6;1,6;2,5;2,5;0,95;0,95;0,4;0,9915599759160506;0,0;0,13;0,052000000000000005;0,0;1,6;0,0;0,0;0,0;0,0;0,0;0,9915599759160506;0,0;0,1289027968690866;0,0;0,1289027968690866;Reserva bateria e importa energia de red;Caso base;1;0,0
Reglas + decision avanzada;2;Edificio B;8,0;1,6;1,6;2,5;2,5;0,95;0,95;0,4;0,579570585649732;0,0;0,12;0,048;0,0;1,6;0,0;0,0;0,0;0,0;0,0;0,579570585649732;0,0;0,06954847027796783;0,0;0,06954847027796783;Reserva bateria e importa energia de red;Caso base;1;0,0
Reglas + decision avanzada;3;Edificio B;8,0;1,6;1,6;2,5;2,5;0,95;0,95;0,4;1,0460406212607483;0,0;0,12;0,048;0,0;1,6;0,0;0,0;0,0;0,0;0,0;1,0460406212607483;0,0;0,1255248745512898;0,0;0,1255248745512898;Reserva bateria e importa energia de red;Caso base;1;0,0
Reglas + decision avanzada;4;Edificio B;8,0;1,6;1,6;2,5;2,5;0,95;0,95;0,4;0,5309846622207706;0,0;0,13;0,052000000000000005;0,0;1,6;0,0;0,0;0,0;0,0;0,0;0,5309846622207706;0,0;0,06902800608870018;0,0;0,06902800608870018;Reserva bateria e importa energia de red;Caso base;1;0,0
Reglas + decision avanzada;5;Edificio B;8,0;1,6;1,6;2,5;2,5;0,95;0,95;0,4;0,8737378951515694;0,0;0,15;0,06;0,0;1,6;0,0;0,0;0,0;0,0;0,0;0,8737378951515694;0,0;0,1310606842727354;0,0;0,1310606842727354;Reserva bateria e importa energia de red;Caso base;1;0,0
Reglas + decision avanzada;6;Edificio B;8,0;1,6;1,6;2,5;2,5;0,95;0,95;0,4;1,5754322125737064;0,3;0,18;0,072;0,3;1,6;0,0;0,0;0,0;0,0;0,0;1,2754322125737063;0,0;0,22957779826326713;0,0;0,22957779826326713;Reserva bateria e importa energia de red;Caso base;1;0,0
Reglas + decision avanzada;7;Edificio B;8,0;1,6;1,6;2,5;2,5;0,95;0,95;0,4;2,0132067870089156;0,8;0,22;0,08800000000000001;0,8;1,6;0,0;0,0;0,0;0,0;0,0;1,2132067870089156;0,0;0,26690549314196144;0,0;0,26690549314196144;Reserva bateria e importa energia de red;Caso base;1;0,0
Reglas + decision avanzada;8;Edificio B;8,0;1,6;1,6;2,5;2,5;0,95;0,95;0,4;2,3413071671706494;1,5;0,24;0,096;1,5;1,6;0,0;0,0;0,0;0,0;0,0;0,8413071671706494;0,0;0,20191372012095585;0,0;0,20191372012095585;Reserva bateria e importa energia de red;Caso base;1;0,0
Reglas + decision avanzada;9;Edificio B;8,0;1,6;1,6;2,5;2,5;0,95;0,95;0,4;1,8636488577609727;2,4;0,2;0,08000000000000002;1,8636488577609727;2,109533585127076;0,5363511422390272;0,5095335851270758;0,0;0,0;0,02681755711195144;0,0;0,0;0,0;0,0;0,0;Carga bateria con excedente PV;Caso base;1;0,0
Reglas + decision avanzada;10;Edificio B;8,0;1,6;1,6;2,5;2,5;0,95;0,95;0,4;1,8827181066819636;3,2;0,17;0,068;1,8827181066819636;3,3609513837792107;1,3172818933180366;1,2514177986521346;0,0;0,0;0,06586409466590193;0,0;0,0;0,0;0,0;0,0;Carga bateria con excedente PV;Caso base;1;0,0
Reglas + decision avanzada;11;Edificio B;8,0;1,6;1,6;2,5;2,5;0,95;0,95;0,4;2,0438312019222438;3,8;0,15;0,06;2,0438312019222438;5,029311741953078;1,756168798077756;1,6683603581738682;0,0;0,0;0,08780843990388787;0,0;0,0;0,0;0,0;0,0;Carga bateria con excedente PV;Caso base;1;0,0
Reglas + decision avanzada;12;Edificio B;8,0;1,6;1,6;2,5;2,5;0,95;0,95;0,4;1,9062309089497604;4,0;0,14;0,05600000000000001;1,9062309089497604;7,018392378450805;2,0937690910502393;1,9890806364977274;0,0;0,0;0,10468845455251197;0,0;0,0;0,0;0,0;0,0;Carga bateria con excedente PV;Caso base;1;0,0
Reglas + decision avanzada;13;Edificio B;8,0;1,6;1,6;2,5;2,5;0,95;0,95;0,4;1,9323111832329727;3,7;0,15;0,06;1,9323111832329727;8,0;1,0332711805780996;0,9816076215491946;0,0;0,0;0,05166355902890507;0,0;0,7344176361889279;0,0;0,04406505817133567;-0,04406505817133567;Carga bateria con excedente PV;Caso base;1;0,0
Reglas + decision avanzada;14;Edificio B;8,0;1,6;1,6;2,5;2,5;0,95;0,95;0,4;2,080858748087118;3,0;0,17;0,068;2,080858748087118;8,0;0,0;0,0;0,0;0,0;0,0;0,0;0,9191412519128819;0,0;0,06250160513007597;-0,06250160513007597;Carga bateria con excedente PV;Caso base;1;0,0
Reglas + decision avanzada;15;Edificio B;8,0;1,6;1,6;2,5;2,5;0,95;0,95;0,4;1,71057604502903;2,1;0,2;0,08000000000000002;1,71057604502903;8,0;0,0;0,0;0,0;0,0;0,0;0,0;0,38942395497097015;0,0;0,031153916397677617;-0,031153916397677617;Carga bateria con excedente PV;Caso base;1;0,0
Reglas + decision avanzada;16;Edificio B;8,0;1,6;1,6;2,5;2,5;0,95;0,95;0,4;2,1971304255218276;1,2;0,23;0,09200000000000001;1,2;6,950389025766497;0,0;0,0;0,9971304255218276;1,049610974233503;0,05248054871167529;0,0;0,0;0,0;0,0;0,0;Descarga bateria por apoyo avanzado a la decision;Caso base;1;0,0
Reglas + decision avanzada;17;Edificio B;8,0;1,6;1,6;2,5;2,5;0,95;0,95;0,4;3,1762501829250436;0,4;0,28;0,11200000000000002;0,4;4,318810078398076;0,0;0,0;2,5;2,6315789473684212;0,13157894736842124;0,27625018292504366;0,0;0,07735005121901223;0,0;0,07735005121901223;Descarga bateria por apoyo avanzado a la decision;Caso base;1;0,0
Reglas + decision avanzada;18;Edificio B;8,0;1,6;1,6;2,5;2,5;0,95;0,95;0,4;3,387819357605921;0,0;0,3;0,12;0,0;1,6872311310296544;0,0;0,0;2,5;2,6315789473684212;0,13157894736842124;0,8878193576059208;0,0;0,2663458072817762;0,0;0,2663458072817762;Descarga bateria por apoyo avanzado a la decision;Caso base;1;0,0
Reglas + decision avanzada;19;Edificio B;8,0;1,6;1,6;2,5;2,5;0,95;0,95;0,4;3,2013537876459988;0,0;0,27;0,10800000000000001;0,0;1,6;0,0;0,0;0,08286957447817157;0,0872311310296543;0,004361556551482723;3,118484213167827;0,0;0,8419907375553133;0,0;0,8419907375553133;Descarga bateria por apoyo avanzado a la decision;Caso base;1;0,0
Reglas + decision avanzada;20;Edificio B;8,0;1,6;1,6;2,5;2,5;0,95;0,95;0,4;2,6682838160139486;0,0;0,24;0,096;0,0;1,6;0,0;0,0;0,0;0,0;0,0;2,6682838160139486;0,0;0,6403881158433476;0,0;0,6403881158433476;Reserva bateria e importa energia de red;Caso base;1;0,0
Reglas + decision avanzada;21;Edificio B;8,0;1,6;1,6;2,5;2,5;0,95;0,95;0,4;2,2765348744423064;0,0;0,2;0,08000000000000002;0,0;1,6;0,0;0,0;0,0;0,0;0,0;2,2765348744423064;0,0;0,4553069748884613;0,0;0,4553069748884613;Reserva bateria e importa energia de red;Caso base;1;0,0
Reglas + decision avanzada;22;Edificio B;8,0;1,6;1,6;2,5;2,5;0,95;0,95;0,4;1,8384855678001943;0,0;0,17;0,068;0,0;1,6;0,0;0,0;0,0;0,0;0,0;1,8384855678001943;0,0;0,3125425465260331;0,0;0,3125425465260331;Reserva bateria e importa energia de red;Caso base;1;0,0
Reglas + decision avanzada;23;Edificio B;8,0;1,6;1,6;2,5;2,5;0,95;0,95;0,4;1,2516831426845567;0,0;0,15;0,06;0,0;1,6;0,0;0,0;0,0;0,0;0,0;1,2516831426845567;0,0;0,1877524714026835;0,0;0,1877524714026835;Reserva bateria e importa energia de red;Caso base;1;0,0
Sin control;0;Edificio A;10,0;2,0;2,0;3,0;3,0;0,95;0,95;0,4;1,7323821654593834;0,0;0,14;0,05600000000000001;0,0;2,0;0,0;0,0;0,0;0,0;0,0;1,7323821654593834;0,0;0,24253350316431369;0,0;0,24253350316431369;Uso directo de PV e importacion/exportacion de red;Alta demanda;1;0,0
Sin control;1;Edificio A;10,0;2,0;2,0;3,0;3,0;0,95;0,95;0,4;1,0898838455429865;0,0;0,13;0,052000000000000005;0,0;2,0;0,0;0,0;0,0;0,0;0,0;1,0898838455429865;0,0;0,14168489992058825;0,0;0,14168489992058825;Uso directo de PV e importacion/exportacion de red;Alta demanda;1;0,0
Sin control;2;Edificio A;10,0;2,0;2,0;3,0;3,0;0,95;0,95;0,4;0,984929084592578;0,0;0,12;0,048;0,0;2,0;0,0;0,0;0,0;0,0;0,0;0,984929084592578;0,0;0,11819149015110936;0,0;0,11819149015110936;Uso directo de PV e importacion/exportacion de red;Alta demanda;1;0,0
Sin control;3;Edificio A;10,0;2,0;2,0;3,0;3,0;0,95;0,95;0,4;0,7668656480118894;0,0;0,12;0,048;0,0;2,0;0,0;0,0;0,0;0,0;0,0;0,7668656480118894;0,0;0,09202387776142672;0,0;0,09202387776142672;Uso directo de PV e importacion/exportacion de red;Alta demanda;1;0,0
Sin control;4;Edificio A;10,0;2,0;2,0;3,0;3,0;0,95;0,95;0,4;1,115773373278442;0,0;0,13;0,052000000000000005;0,0;2,0;0,0;0,0;0,0;0,0;0,0;1,115773373278442;0,0;0,14505053852619748;0,0;0,14505053852619748;Uso directo de PV e importacion/exportacion de red;Alta demanda;1;0,0
Sin control;5;Edificio A;10,0;2,0;2,0;3,0;3,0;0,95;0,95;0,4;0,785723034561549;0,0;0,15;0,06;0,0;2,0;0,0;0,0;0,0;0,0;0,0;0,785723034561549;0,0;0,11785845518423235;0,0;0,11785845518423235;Uso directo de PV e importacion/exportacion de red;Alta demanda;1;0,0
Sin control;6;Edificio A;10,0;2,0;2,0;3,0;3,0;0,95;0,95;0,4;2,1140661175589663;0,3;0,18;0,072;0,3;2,0;0,0;0,0;0,0;0,0;0,0;1,8140661175589663;0,0;0,3265319011606139;0,0;0,3265319011606139;Uso directo de PV e importacion/exportacion de red;Alta demanda;1;0,0
Sin control;7;Edificio A;10,0;2,0;2,0;3,0;3,0;0,95;0,95;0,4;2,5029827578388812;0,8;0,22;0,08800000000000001;0,8;2,0;0,0;0,0;0,0;0,0;0,0;1,7029827578388812;0,0;0,37465620672455385;0,0;0,37465620672455385;Uso directo de PV e importacion/exportacion de red;Alta demanda;1;0,0
Sin control;8;Edificio A;10,0;2,0;2,0;3,0;3,0;0,95;0,95;0,4;3,0574270372902776;1,5;0,24;0,096;1,5;2,0;0,0;0,0;0,0;0,0;0,0;1,5574270372902776;0,0;0,37378248894966665;0,0;0,37378248894966665;Uso directo de PV e importacion/exportacion de red;Alta demanda;1;0,0
Sin control;9;Edificio A;10,0;2,0;2,0;3,0;3,0;0,95;0,95;0,4;2,355113332414066;2,4;0,2;0,08000000000000002;2,355113332414066;2,0;0,0;0,0;0,0;0,0;0,0;0,0;0,04488666758593407;0,0;0,0035909334068747263;-0,0035909334068747263;Uso directo de PV e importacion/exportacion de red;Alta demanda;1;0,0
Sin control;10;Edificio A;10,0;2,0;2,0;3,0;3,0;0,95;0,95;0,4;2,4231794286680954;3,2;0,17;0,068;2,4231794286680954;2,0;0,0;0,0;0,0;0,0;0,0;0,0;0,7768205713319047;0,0;0,05282379885056952;-0,05282379885056952;Uso directo de PV e importacion/exportacion de red;Alta demanda;1;0,0
Sin control;11;Edificio A;10,0;2,0;2,0;3,0;3,0;0,95;0,95;0,4;1,6691746722904224;3,8;0,15;0,06;1,6691746722904224;2,0;0,0;0,0;0,0;0,0;0,0;0,0;2,1308253277095774;0,0;0,12784951966257463;-0,12784951966257463;Uso directo de PV e importacion/exportacion de red;Alta demanda;1;0,0
Sin control;12;Edificio A;10,0;2,0;2,0;3,0;3,0;0,95;0,95;0,4;2,2219649032775686;4,0;0,14;0,05600000000000001;2,2219649032775686;2,0;0,0;0,0;0,0;0,0;0,0;0,0;1,7780350967224314;0,0;0,09956996541645617;-0,09956996541645617;Uso directo de PV e importacion/exportacion de red;Alta demanda;1;0,0
Sin control;13;Edificio A;10,0;2,0;2,0;3,0;3,0;0,95;0,95;0,4;2,4508702161596854;3,7;0,15;0,06;2,4508702161596854;2,0;0,0;0,0;0,0;0,0;0,0;0,0;1,2491297838403148;0,0;0,07494778703041889;-0,07494778703041889;Uso directo de PV e importacion/exportacion de red;Alta demanda;1;0,0
Sin control;14;Edificio A;10,0;2,0;2,0;3,0;3,0;0,95;0,95;0,4;2,6040784996203787;3,0;0,17;0,068;2,6040784996203787;2,0;0,0;0,0;0,0;0,0;0,0;0,0;0,39592150037962126;0,0;0,026922662025814247;-0,026922662025814247;Uso directo de PV e importacion/exportacion de red;Alta demanda;1;0,0
Sin control;15;Edificio A;10,0;2,0;2,0;3,0;3,0;0,95;0,95;0,4;1,9620195718834743;2,1;0,2;0,08000000000000002;1,9620195718834743;2,0;0,0;0,0;0,0;0,0;0,0;0,0;0,13798042811652578;0,0;0,011038434249322064;-0,011038434249322064;Uso directo de PV e importacion/exportacion de red;Alta demanda;1;0,0
Sin control;16;Edificio A;10,0;2,0;2,0;3,0;3,0;0,95;0,95;0,4;2,6089629226409214;1,2;0,23;0,09200000000000001;1,2;2,0;0,0;0,0;0,0;0,0;0,0;1,4089629226409215;0,0;0,32406147220741194;0,0;0,32406147220741194;Uso directo de PV e importacion/exportacion de red;Alta demanda;1;0,0
Sin control;17;Edificio A;10,0;2,0;2,0;3,0;3,0;0,95;0,95;0,4;3,4419854847741527;0,4;0,28;0,11200000000000002;0,4;2,0;0,0;0,0;0,0;0,0;0,0;3,0419854847741528;0,0;0,8517559357367629;0,0;0,8517559357367629;Uso directo de PV e importacion/exportacion de red;Alta demanda;1;0,0
Sin control;18;Edificio A;10,0;2,0;2,0;3,0;3,0;0,95;0,95;0,4;4,207598474408806;0,0;0,3;0,12;0,0;2,0;0,0;0,0;0,0;0,0;0,0;4,207598474408806;0,0;1,2622795423226418;0,0;1,2622795423226418;Uso directo de PV e importacion/exportacion de red;Alta demanda;1;0,0
Sin control;19;Edificio A;10,0;2,0;2,0;3,0;3,0;0,95;0,95;0,4;3,944906738468848;0,0;0,27;0,10800000000000001;0,0;2,0;0,0;0,0;0,0;0,0;0,0;3,944906738468848;0,0;1,065124819386589;0,0;1,065124819386589;Uso directo de PV e importacion/exportacion de red;Alta demanda;1;0,0
Sin control;20;Edificio A;10,0;2,0;2,0;3,0;3,0;0,95;0,95;0,4;3,161888548101674;0,0;0,24;0,096;0,0;2,0;0,0;0,0;0,0;0,0;0,0;3,161888548101674;0,0;0,7588532515444018;0,0;0,7588532515444018;Uso directo de PV e importacion/exportacion de red;Alta demanda;1;0,0
Sin control;21;Edificio A;10,0;2,0;2,0;3,0;3,0;0,95;0,95;0,4;2,9660502677711302;0,0;0,2;0,08000000000000002;0,0;2,0;0,0;0,0;0,0;0,0;0,0;2,9660502677711302;0,0;0,5932100535542261;0,0;0,5932100535542261;Uso directo de PV e importacion/exportacion de red;Alta demanda;1;0,0
Sin control;22;Edificio A;10,0;2,0;2,0;3,0;3,0;0,95;0,95;0,4;2,3222863297067033;0,0;0,17;0,068;0,0;2,0;0,0;0,0;0,0;0,0;0,0;2,3222863297067033;0,0;0,3947886760501396;0,0;0,3947886760501396;Uso directo de PV e importacion/exportacion de red;Alta demanda;1;0,0
Sin control;23;Edificio A;10,0;2,0;2,0;3,0;3,0;0,95;0,95;0,4;1,7704489810023363;0,0;0,15;0,06;0,0;2,0;0,0;0,0;0,0;0,0;0,0;1,7704489810023363;0,0;0,2655673471503504;0,0;0,2655673471503504;Uso directo de PV e importacion/exportacion de red;Alta demanda;1;0,0
Sin control;0;Edificio B;8,0;1,6;1,6;2,5;2,5;0,95;0,95;0,4;1,3649835874670153;0,0;0,14;0,05600000000000001;0,0;1,6;0,0;0,0;0,0;0,0;0,0;1,3649835874670153;0,0;0,19109770224538217;0,0;0,19109770224538217;Uso directo de PV e importacion/exportacion de red;Alta demanda;1;0,0
Sin control;1;Edificio B;8,0;1,6;1,6;2,5;2,5;0,95;0,95;0,4;1,1898719710992607;0,0;0,13;0,052000000000000005;0,0;1,6;0,0;0,0;0,0;0,0;0,0;1,1898719710992607;0,0;0,15468335624290389;0,0;0,15468335624290389;Uso directo de PV e importacion/exportacion de red;Alta demanda;1;0,0
Sin control;2;Edificio B;8,0;1,6;1,6;2,5;2,5;0,95;0,95;0,4;0,6954847027796783;0,0;0,12;0,048;0,0;1,6;0,0;0,0;0,0;0,0;0,0;0,6954847027796783;0,0;0,0834581643335614;0,0;0,0834581643335614;Uso directo de PV e importacion/exportacion de red;Alta demanda;1;0,0
Sin control;3;Edificio B;8,0;1,6;1,6;2,5;2,5;0,95;0,95;0,4;1,2552487455128978;0,0;0,12;0,048;0,0;1,6;0,0;0,0;0,0;0,0;0,0;1,2552487455128978;0,0;0,15062984946154773;0,0;0,15062984946154773;Uso directo de PV e importacion/exportacion de red;Alta demanda;1;0,0
Sin control;4;Edificio B;8,0;1,6;1,6;2,5;2,5;0,95;0,95;0,4;0,6371815946649246;0,0;0,13;0,052000000000000005;0,0;1,6;0,0;0,0;0,0;0,0;0,0;0,6371815946649246;0,0;0,08283360730644021;0,0;0,08283360730644021;Uso directo de PV e importacion/exportacion de red;Alta demanda;1;0,0
Sin control;5;Edificio B;8,0;1,6;1,6;2,5;2,5;0,95;0,95;0,4;1,0484854741818832;0,0;0,15;0,06;0,0;1,6;0,0;0,0;0,0;0,0;0,0;1,0484854741818832;0,0;0,15727282112728247;0,0;0,15727282112728247;Uso directo de PV e importacion/exportacion de red;Alta demanda;1;0,0
Sin control;6;Edificio B;8,0;1,6;1,6;2,5;2,5;0,95;0,95;0,4;1,8905186550884476;0,3;0,18;0,072;0,3;1,6;0,0;0,0;0,0;0,0;0,0;1,5905186550884476;0,0;0,28629335791592053;0,0;0,28629335791592053;Uso directo de PV e importacion/exportacion de red;Alta demanda;1;0,0
Sin control;7;Edificio B;8,0;1,6;1,6;2,5;2,5;0,95;0,95;0,4;2,4158481444106985;0,8;0,22;0,08800000000000001;0,8;1,6;0,0;0,0;0,0;0,0;0,0;1,6158481444106985;0,0;0,3554865917703537;0,0;0,3554865917703537;Uso directo de PV e importacion/exportacion de red;Alta demanda;1;0,0
Sin control;8;Edificio B;8,0;1,6;1,6;2,5;2,5;0,95;0,95;0,4;2,8095686006047793;1,5;0,24;0,096;1,5;1,6;0,0;0,0;0,0;0,0;0,0;1,3095686006047793;0,0;0,314296464145147;0,0;0,314296464145147;Uso directo de PV e importacion/exportacion de red;Alta demanda;1;0,0
Sin control;9;Edificio B;8,0;1,6;1,6;2,5;2,5;0,95;0,95;0,4;2,236378629313167;2,4;0,2;0,08000000000000002;2,236378629313167;1,6;0,0;0,0;0,0;0,0;0,0;0,0;0,1636213706868328;0,0;0,013089709654946626;-0,013089709654946626;Uso directo de PV e importacion/exportacion de red;Alta demanda;1;0,0
Sin control;10;Edificio B;8,0;1,6;1,6;2,5;2,5;0,95;0,95;0,4;2,2592617280183562;3,2;0,17;0,068;2,2592617280183562;1,6;0,0;0,0;0,0;0,0;0,0;0,0;0,940738271981644;0,0;0,0639702024947518;-0,0639702024947518;Uso directo de PV e importacion/exportacion de red;Alta demanda;1;0,0
Sin control;11;Edificio B;8,0;1,6;1,6;2,5;2,5;0,95;0,95;0,4;2,4525974423066925;3,8;0,15;0,06;2,4525974423066925;1,6;0,0;0,0;0,0;0,0;0,0;0,0;1,3474025576933073;0,0;0,08084415346159844;-0,08084415346159844;Uso directo de PV e importacion/exportacion de red;Alta demanda;1;0,0
Sin control;12;Edificio B;8,0;1,6;1,6;2,5;2,5;0,95;0,95;0,4;2,2874770907397126;4,0;0,14;0,05600000000000001;2,2874770907397126;1,6;0,0;0,0;0,0;0,0;0,0;0,0;1,7125229092602874;0,0;0,09590128291857611;-0,09590128291857611;Uso directo de PV e importacion/exportacion de red;Alta demanda;1;0,0
Sin control;13;Edificio B;8,0;1,6;1,6;2,5;2,5;0,95;0,95;0,4;2,3187734198795673;3,7;0,15;0,06;2,3187734198795673;1,6;0,0;0,0;0,0;0,0;0,0;0,0;1,3812265801204329;0,0;0,08287359480722598;-0,08287359480722598;Uso directo de PV e importacion/exportacion de red;Alta demanda;1;0,0
Sin control;14;Edificio B;8,0;1,6;1,6;2,5;2,5;0,95;0,95;0,4;2,4970304977045417;3,0;0,17;0,068;2,4970304977045417;1,6;0,0;0,0;0,0;0,0;0,0;0,0;0,5029695022954583;0,0;0,03420192615609117;-0,03420192615609117;Uso directo de PV e importacion/exportacion de red;Alta demanda;1;0,0
Sin control;15;Edificio B;8,0;1,6;1,6;2,5;2,5;0,95;0,95;0,4;2,0526912540348357;2,1;0,2;0,08000000000000002;2,0526912540348357;1,6;0,0;0,0;0,0;0,0;0,0;0,0;0,047308745965164434;0,0;0,0037846996772131552;-0,0037846996772131552;Uso directo de PV e importacion/exportacion de red;Alta demanda;1;0,0
Sin control;16;Edificio B;8,0;1,6;1,6;2,5;2,5;0,95;0,95;0,4;2,636556510626193;1,2;0,23;0,09200000000000001;1,2;1,6;0,0;0,0;0,0;0,0;0,0;1,436556510626193;0,0;0,33040799744402444;0,0;0,33040799744402444;Uso directo de PV e importacion/exportacion de red;Alta demanda;1;0,0
Sin control;17;Edificio B;8,0;1,6;1,6;2,5;2,5;0,95;0,95;0,4;3,811500219510052;0,4;0,28;0,11200000000000002;0,4;1,6;0,0;0,0;0,0;0,0;0,0;3,411500219510052;0,0;0,9552200614628147;0,0;0,9552200614628147;Uso directo de PV e importacion/exportacion de red;Alta demanda;1;0,0
Sin control;18;Edificio B;8,0;1,6;1,6;2,5;2,5;0,95;0,95;0,4;4,065383229127105;0,0;0,3;0,12;0,0;1,6;0,0;0,0;0,0;0,0;0,0;4,065383229127105;0,0;1,2196149687381312;0,0;1,2196149687381312;Uso directo de PV e importacion/exportacion de red;Alta demanda;1;0,0
Sin control;19;Edificio B;8,0;1,6;1,6;2,5;2,5;0,95;0,95;0,4;3,8416245451751982;0,0;0,27;0,10800000000000001;0,0;1,6;0,0;0,0;0,0;0,0;0,0;3,8416245451751982;0,0;1,0372386271973035;0,0;1,0372386271973035;Uso directo de PV e importacion/exportacion de red;Alta demanda;1;0,0
Sin control;20;Edificio B;8,0;1,6;1,6;2,5;2,5;0,95;0,95;0,4;3,201940579216738;0,0;0,24;0,096;0,0;1,6;0,0;0,0;0,0;0,0;0,0;3,201940579216738;0,0;0,7684657390120171;0,0;0,7684657390120171;Uso directo de PV e importacion/exportacion de red;Alta demanda;1;0,0
Sin control;21;Edificio B;8,0;1,6;1,6;2,5;2,5;0,95;0,95;0,4;2,7318418493307677;0,0;0,2;0,08000000000000002;0,0;1,6;0,0;0,0;0,0;0,0;0,0;2,7318418493307677;0,0;0,5463683698661536;0,0;0,5463683698661536;Uso directo de PV e importacion/exportacion de red;Alta demanda;1;0,0
Sin control;22;Edificio B;8,0;1,6;1,6;2,5;2,5;0,95;0,95;0,4;2,206182681360233;0,0;0,17;0,068;0,0;1,6;0,0;0,0;0,0;0,0;0,0;2,206182681360233;0,0;0,37505105583123965;0,0;0,37505105583123965;Uso directo de PV e importacion/exportacion de red;Alta demanda;1;0,0
Sin control;23;Edificio B;8,0;1,6;1,6;2,5;2,5;0,95;0,95;0,4;1,502019771221468;0,0;0,15;0,06;0,0;1,6;0,0;0,0;0,0;0,0;0,0;1,502019771221468;0,0;0,2253029656832202;0,0;0,2253029656832202;Uso directo de PV e importacion/exportacion de red;Alta demanda;1;0,0
Reglas;0;Edificio A;10,0;2,0;2,0;3,0;3,0;0,95;0,95;0,4;1,7323821654593834;0,0;0,14;0,05600000000000001;0,0;2,0;0,0;0,0;0,0;0,0;0,0;1,7323821654593834;0,0;0,24253350316431369;0,0;0,24253350316431369;Importa energia de red;Alta demanda;1;0,0
Reglas;1;Edificio A;10,0;2,0;2,0;3,0;3,0;0,95;0,95;0,4;1,0898838455429865;0,0;0,13;0,052000000000000005;0,0;2,0;0,0;0,0;0,0;0,0;0,0;1,0898838455429865;0,0;0,14168489992058825;0,0;0,14168489992058825;Importa energia de red;Alta demanda;1;0,0
Reglas;2;Edificio A;10,0;2,0;2,0;3,0;3,0;0,95;0,95;0,4;0,984929084592578;0,0;0,12;0,048;0,0;2,0;0,0;0,0;0,0;0,0;0,0;0,984929084592578;0,0;0,11819149015110936;0,0;0,11819149015110936;Importa energia de red;Alta demanda;1;0,0
Reglas;3;Edificio A;10,0;2,0;2,0;3,0;3,0;0,95;0,95;0,4;0,7668656480118894;0,0;0,12;0,048;0,0;2,0;0,0;0,0;0,0;0,0;0,0;0,7668656480118894;0,0;0,09202387776142672;0,0;0,09202387776142672;Importa energia de red;Alta demanda;1;0,0
Reglas;4;Edificio A;10,0;2,0;2,0;3,0;3,0;0,95;0,95;0,4;1,115773373278442;0,0;0,13;0,052000000000000005;0,0;2,0;0,0;0,0;0,0;0,0;0,0;1,115773373278442;0,0;0,14505053852619748;0,0;0,14505053852619748;Importa energia de red;Alta demanda;1;0,0
Reglas;5;Edificio A;10,0;2,0;2,0;3,0;3,0;0,95;0,95;0,4;0,785723034561549;0,0;0,15;0,06;0,0;2,0;0,0;0,0;0,0;0,0;0,0;0,785723034561549;0,0;0,11785845518423235;0,0;0,11785845518423235;Importa energia de red;Alta demanda;1;0,0
Reglas;6;Edificio A;10,0;2,0;2,0;3,0;3,0;0,95;0,95;0,4;2,1140661175589663;0,3;0,18;0,072;0,3;2,0;0,0;0,0;0,0;0,0;0,0;1,8140661175589663;0,0;0,3265319011606139;0,0;0,3265319011606139;Importa energia de red;Alta demanda;1;0,0
Reglas;7;Edificio A;10,0;2,0;2,0;3,0;3,0;0,95;0,95;0,4;2,5029827578388812;0,8;0,22;0,08800000000000001;0,8;2,0;0,0;0,0;0,0;0,0;0,0;1,7029827578388812;0,0;0,37465620672455385;0,0;0,37465620672455385;Importa energia de red;Alta demanda;1;0,0
Reglas;8;Edificio A;10,0;2,0;2,0;3,0;3,0;0,95;0,95;0,4;3,0574270372902776;1,5;0,24;0,096;1,5;2,0;0,0;0,0;0,0;0,0;0,0;1,5574270372902776;0,0;0,37378248894966665;0,0;0,37378248894966665;Importa energia de red;Alta demanda;1;0,0
Reglas;9;Edificio A;10,0;2,0;2,0;3,0;3,0;0,95;0,95;0,4;2,355113332414066;2,4;0,2;0,08000000000000002;2,355113332414066;2,0426423342066373;0,04488666758593407;0,042642334206637364;0,0;0,0;0,0022443333792967063;0,0;0,0;0,0;0,0;0,0;Carga bateria con excedente PV;Alta demanda;1;0,0
Reglas;10;Edificio A;10,0;2,0;2,0;3,0;3,0;0,95;0,95;0,4;2,4231794286680954;3,2;0,17;0,068;2,4231794286680954;2,7806218769719466;0,7768205713319047;0,7379795427653094;0,0;0,0;0,038841028566595326;0,0;0,0;0,0;0,0;0,0;Carga bateria con excedente PV;Alta demanda;1;0,0
Reglas;11;Edificio A;10,0;2,0;2,0;3,0;3,0;0,95;0,95;0,4;1,6691746722904224;3,8;0,15;0,06;1,6691746722904224;4,804905938296045;2,1308253277095774;2,0242840613240984;0,0;0,0;0,106541266385479;0,0;0,0;0,0;0,0;0,0;Carga bateria con excedente PV;Alta demanda;1;0,0
Reglas;12;Edificio A;10,0;2,0;2,0;3,0;3,0;0,95;0,95;0,4;2,2219649032775686;4,0;0,14;0,05600000000000001;2,2219649032775686;6,4940392801823545;1,7780350967224314;1,6891333418863097;0,0;0,0;0,08890175483612173;0,0;0,0;0,0;0,0;0,0;Carga bateria con excedente PV;Alta demanda;1;0,0
Reglas;13;Edificio A;10,0;2,0;2,0;3,0;3,0;0,95;0,95;0,4;2,4508702161596854;3,7;0,15;0,06;2,4508702161596854;7,680712574830654;1,2491297838403148;1,186673294648299;0,0;0,0;0,06245648919201585;0,0;0,0;0,0;0,0;0,0;Carga bateria con excedente PV;Alta demanda;1;0,0
Reglas;14;Edificio A;10,0;2,0;2,0;3,0;3,0;0,95;0,95;0,4;2,6040784996203787;3,0;0,17;0,068;2,6040784996203787;8,056838000191295;0,39592150037962126;0,3761254253606402;0,0;0,0;0,019796075018981063;0,0;0,0;0,0;0,0;0,0;Carga bateria con excedente PV;Alta demanda;1;0,0
Reglas;15;Edificio A;10,0;2,0;2,0;3,0;3,0;0,95;0,95;0,4;1,9620195718834743;2,1;0,2;0,08000000000000002;1,9620195718834743;8,187919406901994;0,13798042811652578;0,13108140671069948;0,0;0,0;0,006899021405826294;0,0;0,0;0,0;0,0;0,0;Carga bateria con excedente PV;Alta demanda;1;0,0
Reglas;16;Edificio A;10,0;2,0;2,0;3,0;3,0;0,95;0,95;0,4;2,6089629226409214;1,2;0,23;0,09200000000000001;1,2;6,7048005409641815;0,0;0,0;1,4089629226409215;1,483118865937812;0,07415594329689057;0,0;0,0;0,0;0,0;0,0;Descarga bateria por precio elevado o demanda alta;Alta demanda;1;0,0
Reglas;17;Edificio A;10,0;2,0;2,0;3,0;3,0;0,95;0,95;0,4;3,4419854847741527;0,4;0,28;0,11200000000000002;0,4;3,5469058041220762;0,0;0,0;3,0;3,1578947368421053;0,1578947368421053;0,04198548477415276;0,0;0,011755935736762774;0,0;0,011755935736762774;Descarga bateria por precio elevado o demanda alta;Alta demanda;1;0,0
Reglas;18;Edificio A;10,0;2,0;2,0;3,0;3,0;0,95;0,95;0,4;4,207598474408806;0,0;0,3;0,12;0,0;2,0;0,0;0,0;1,4695605139159724;1,5469058041220762;0,07734529020610381;2,738037960492834;0,0;0,8214113881478502;0,0;0,8214113881478502;Descarga bateria por precio elevado o demanda alta;Alta demanda;1;0,0
Reglas;19;Edificio A;10,0;2,0;2,0;3,0;3,0;0,95;0,95;0,4;3,944906738468848;0,0;0,27;0,10800000000000001;0,0;2,0;0,0;0,0;0,0;0,0;0,0;3,944906738468848;0,0;1,065124819386589;0,0;1,065124819386589;Importa energia de red;Alta demanda;1;0,0
Reglas;20;Edificio A;10,0;2,0;2,0;3,0;3,0;0,95;0,95;0,4;3,161888548101674;0,0;0,24;0,096;0,0;2,0;0,0;0,0;0,0;0,0;0,0;3,161888548101674;0,0;0,7588532515444018;0,0;0,7588532515444018;Importa energia de red;Alta demanda;1;0,0
Reglas;21;Edificio A;10,0;2,0;2,0;3,0;3,0;0,95;0,95;0,4;2,9660502677711302;0,0;0,2;0,08000000000000002;0,0;2,0;0,0;0,0;0,0;0,0;0,0;2,9660502677711302;0,0;0,5932100535542261;0,0;0,5932100535542261;Importa energia de red;Alta demanda;1;0,0
Reglas;22;Edificio A;10,0;2,0;2,0;3,0;3,0;0,95;0,95;0,4;2,3222863297067033;0,0;0,17;0,068;0,0;2,0;0,0;0,0;0,0;0,0;0,0;2,3222863297067033;0,0;0,3947886760501396;0,0;0,3947886760501396;Importa energia de red;Alta demanda;1;0,0
Reglas;23;Edificio A;10,0;2,0;2,0;3,0;3,0;0,95;0,95;0,4;1,7704489810023363;0,0;0,15;0,06;0,0;2,0;0,0;0,0;0,0;0,0;0,0;1,7704489810023363;0,0;0,2655673471503504;0,0;0,2655673471503504;Importa energia de red;Alta demanda;1;0,0
Reglas;0;Edificio B;8,0;1,6;1,6;2,5;2,5;0,95;0,95;0,4;1,3649835874670153;0,0;0,14;0,05600000000000001;0,0;1,6;0,0;0,0;0,0;0,0;0,0;1,3649835874670153;0,0;0,19109770224538217;0,0;0,19109770224538217;Importa energia de red;Alta demanda;1;0,0
Reglas;1;Edificio B;8,0;1,6;1,6;2,5;2,5;0,95;0,95;0,4;1,1898719710992607;0,0;0,13;0,052000000000000005;0,0;1,6;0,0;0,0;0,0;0,0;0,0;1,1898719710992607;0,0;0,15468335624290389;0,0;0,15468335624290389;Importa energia de red;Alta demanda;1;0,0
Reglas;2;Edificio B;8,0;1,6;1,6;2,5;2,5;0,95;0,95;0,4;0,6954847027796783;0,0;0,12;0,048;0,0;1,6;0,0;0,0;0,0;0,0;0,0;0,6954847027796783;0,0;0,0834581643335614;0,0;0,0834581643335614;Importa energia de red;Alta demanda;1;0,0
Reglas;3;Edificio B;8,0;1,6;1,6;2,5;2,5;0,95;0,95;0,4;1,2552487455128978;0,0;0,12;0,048;0,0;1,6;0,0;0,0;0,0;0,0;0,0;1,2552487455128978;0,0;0,15062984946154773;0,0;0,15062984946154773;Importa energia de red;Alta demanda;1;0,0
Reglas;4;Edificio B;8,0;1,6;1,6;2,5;2,5;0,95;0,95;0,4;0,6371815946649246;0,0;0,13;0,052000000000000005;0,0;1,6;0,0;0,0;0,0;0,0;0,0;0,6371815946649246;0,0;0,08283360730644021;0,0;0,08283360730644021;Importa energia de red;Alta demanda;1;0,0
Reglas;5;Edificio B;8,0;1,6;1,6;2,5;2,5;0,95;0,95;0,4;1,0484854741818832;0,0;0,15;0,06;0,0;1,6;0,0;0,0;0,0;0,0;0,0;1,0484854741818832;0,0;0,15727282112728247;0,0;0,15727282112728247;Importa energia de red;Alta demanda;1;0,0
Reglas;6;Edificio B;8,0;1,6;1,6;2,5;2,5;0,95;0,95;0,4;1,8905186550884476;0,3;0,18;0,072;0,3;1,6;0,0;0,0;0,0;0,0;0,0;1,5905186550884476;0,0;0,28629335791592053;0,0;0,28629335791592053;Importa energia de red;Alta demanda;1;0,0
Reglas;7;Edificio B;8,0;1,6;1,6;2,5;2,5;0,95;0,95;0,4;2,4158481444106985;0,8;0,22;0,08800000000000001;0,8;1,6;0,0;0,0;0,0;0,0;0,0;1,6158481444106985;0,0;0,3554865917703537;0,0;0,3554865917703537;Importa energia de red;Alta demanda;1;0,0
Reglas;8;Edificio B;8,0;1,6;1,6;2,5;2,5;0,95;0,95;0,4;2,8095686006047793;1,5;0,24;0,096;1,5;1,6;0,0;0,0;0,0;0,0;0,0;1,3095686006047793;0,0;0,314296464145147;0,0;0,314296464145147;Importa energia de red;Alta demanda;1;0,0
Reglas;9;Edificio B;8,0;1,6;1,6;2,5;2,5;0,95;0,95;0,4;2,236378629313167;2,4;0,2;0,08000000000000002;2,236378629313167;1,7554403021524911;0,1636213706868328;0,15544030215249116;0,0;0,0;0,00818106853434164;0,0;0,0;0,0;0,0;0,0;Carga bateria con excedente PV;Alta demanda;1;0,0
Reglas;10;Edificio B;8,0;1,6;1,6;2,5;2,5;0,95;0,95;0,4;2,2592617280183562;3,2;0,17;0,068;2,2592617280183562;2,6491416605350526;0,940738271981644;0,8937013583825617;0,0;0,0;0,04703691359908224;0,0;0,0;0,0;0,0;0,0;Carga bateria con excedente PV;Alta demanda;1;0,0
Reglas;11;Edificio B;8,0;1,6;1,6;2,5;2,5;0,95;0,95;0,4;2,4525974423066925;3,8;0,15;0,06;2,4525974423066925;3,9291740903436945;1,3474025576933073;1,2800324298086418;0,0;0,0;0,06737012788466545;0,0;0,0;0,0;0,0;0,0;Carga bateria con excedente PV;Alta demanda;1;0,0
Reglas;12;Edificio B;8,0;1,6;1,6;2,5;2,5;0,95;0,95;0,4;2,2874770907397126;4,0;0,14;0,05600000000000001;2,2874770907397126;5,556070854140968;1,7125229092602874;1,6268967637972729;0,0;0,0;0,0856261454630145;0,0;0,0;0,0;0,0;0,0;Carga bateria con excedente PV;Alta demanda;1;0,0
Reglas;13;Edificio B;8,0;1,6;1,6;2,5;2,5;0,95;0,95;0,4;2,3187734198795673;3,7;0,15;0,06;2,3187734198795673;6,868236105255379;1,3812265801204329;1,312165251114411;0,0;0,0;0,0690613290060218;0,0;0,0;0,0;0,0;0,0;Carga bateria con excedente PV;Alta demanda;1;0,0
Reglas;14;Edificio B;8,0;1,6;1,6;2,5;2,5;0,95;0,95;0,4;2,4970304977045417;3,0;0,17;0,068;2,4970304977045417;7,346057132436065;0,5029695022954583;0,4778210271806854;0,0;0,0;0,025148475114772917;0,0;0,0;0,0;0,0;0,0;Carga bateria con excedente PV;Alta demanda;1;0,0
Reglas;15;Edificio B;8,0;1,6;1,6;2,5;2,5;0,95;0,95;0,4;2,0526912540348357;2,1;0,2;0,08000000000000002;2,0526912540348357;7,391000441102971;0,047308745965164434;0,04494330866690621;0,0;0,0;0,0023654372982582217;0,0;0,0;0,0;0,0;0,0;Carga bateria con excedente PV;Alta demanda;1;0,0
Reglas;16;Edificio B;8,0;1,6;1,6;2,5;2,5;0,95;0,95;0,4;2,636556510626193;1,2;0,23;0,09200000000000001;1,2;5,878835693075399;0,0;0,0;1,436556510626193;1,5121647480275717;0,07560823740137868;0,0;0,0;0,0;0,0;0,0;Descarga bateria por precio elevado o demanda alta;Alta demanda;1;0,0
Reglas;17;Edificio B;8,0;1,6;1,6;2,5;2,5;0,95;0,95;0,4;3,811500219510052;0,4;0,28;0,11200000000000002;0,4;3,247256745706978;0,0;0,0;2,5;2,6315789473684212;0,13157894736842124;0,9115002195100521;0,0;0,2552200614628146;0,0;0,2552200614628146;Descarga bateria por precio elevado o demanda alta;Alta demanda;1;0,0
Reglas;18;Edificio B;8,0;1,6;1,6;2,5;2,5;0,95;0,95;0,4;4,065383229127105;0,0;0,3;0,12;0,0;1,6;0,0;0,0;1,5648939084216291;1,647256745706978;0,08236283728534888;2,5004893207054755;0,0;0,7501467962116426;0,0;0,7501467962116426;Descarga bateria por precio elevado o demanda alta;Alta demanda;1;0,0
Reglas;19;Edificio B;8,0;1,6;1,6;2,5;2,5;0,95;0,95;0,4;3,8416245451751982;0,0;0,27;0,10800000000000001;0,0;1,6;0,0;0,0;0,0;0,0;0,0;3,8416245451751982;0,0;1,0372386271973035;0,0;1,0372386271973035;Importa energia de red;Alta demanda;1;0,0
Reglas;20;Edificio B;8,0;1,6;1,6;2,5;2,5;0,95;0,95;0,4;3,201940579216738;0,0;0,24;0,096;0,0;1,6;0,0;0,0;0,0;0,0;0,0;3,201940579216738;0,0;0,7684657390120171;0,0;0,7684657390120171;Importa energia de red;Alta demanda;1;0,0
Reglas;21;Edificio B;8,0;1,6;1,6;2,5;2,5;0,95;0,95;0,4;2,7318418493307677;0,0;0,2;0,08000000000000002;0,0;1,6;0,0;0,0;0,0;0,0;0,0;2,7318418493307677;0,0;0,5463683698661536;0,0;0,5463683698661536;Importa energia de red;Alta demanda;1;0,0
Reglas;22;Edificio B;8,0;1,6;1,6;2,5;2,5;0,95;0,95;0,4;2,206182681360233;0,0;0,17;0,068;0,0;1,6;0,0;0,0;0,0;0,0;0,0;2,206182681360233;0,0;0,37505105583123965;0,0;0,37505105583123965;Importa energia de red;Alta demanda;1;0,0
Reglas;23;Edificio B;8,0;1,6;1,6;2,5;2,5;0,95;0,95;0,4;1,502019771221468;0,0;0,15;0,06;0,0;1,6;0,0;0,0;0,0;0,0;0,0;1,502019771221468;0,0;0,2253029656832202;0,0;0,2253029656832202;Importa energia de red;Alta demanda;1;0,0
Reglas + decision avanzada;0;Edificio A;10,0;2,0;2,0;3,0;3,0;0,95;0,95;0,4;1,7323821654593834;0,0;0,14;0,05600000000000001;0,0;2,0;0,0;0,0;0,0;0,0;0,0;1,7323821654593834;0,0;0,24253350316431369;0,0;0,24253350316431369;Reserva bateria e importa energia de red;Alta demanda;1;0,0
Reglas + decision avanzada;1;Edificio A;10,0;2,0;2,0;3,0;3,0;0,95;0,95;0,4;1,0898838455429865;0,0;0,13;0,052000000000000005;0,0;2,0;0,0;0,0;0,0;0,0;0,0;1,0898838455429865;0,0;0,14168489992058825;0,0;0,14168489992058825;Reserva bateria e importa energia de red;Alta demanda;1;0,0
Reglas + decision avanzada;2;Edificio A;10,0;2,0;2,0;3,0;3,0;0,95;0,95;0,4;0,984929084592578;0,0;0,12;0,048;0,0;2,0;0,0;0,0;0,0;0,0;0,0;0,984929084592578;0,0;0,11819149015110936;0,0;0,11819149015110936;Reserva bateria e importa energia de red;Alta demanda;1;0,0
Reglas + decision avanzada;3;Edificio A;10,0;2,0;2,0;3,0;3,0;0,95;0,95;0,4;0,7668656480118894;0,0;0,12;0,048;0,0;2,0;0,0;0,0;0,0;0,0;0,0;0,7668656480118894;0,0;0,09202387776142672;0,0;0,09202387776142672;Reserva bateria e importa energia de red;Alta demanda;1;0,0
Reglas + decision avanzada;4;Edificio A;10,0;2,0;2,0;3,0;3,0;0,95;0,95;0,4;1,115773373278442;0,0;0,13;0,052000000000000005;0,0;2,0;0,0;0,0;0,0;0,0;0,0;1,115773373278442;0,0;0,14505053852619748;0,0;0,14505053852619748;Reserva bateria e importa energia de red;Alta demanda;1;0,0
Reglas + decision avanzada;5;Edificio A;10,0;2,0;2,0;3,0;3,0;0,95;0,95;0,4;0,785723034561549;0,0;0,15;0,06;0,0;2,0;0,0;0,0;0,0;0,0;0,0;0,785723034561549;0,0;0,11785845518423235;0,0;0,11785845518423235;Reserva bateria e importa energia de red;Alta demanda;1;0,0
Reglas + decision avanzada;6;Edificio A;10,0;2,0;2,0;3,0;3,0;0,95;0,95;0,4;2,1140661175589663;0,3;0,18;0,072;0,3;2,0;0,0;0,0;0,0;0,0;0,0;1,8140661175589663;0,0;0,3265319011606139;0,0;0,3265319011606139;Reserva bateria e importa energia de red;Alta demanda;1;0,0
Reglas + decision avanzada;7;Edificio A;10,0;2,0;2,0;3,0;3,0;0,95;0,95;0,4;2,5029827578388812;0,8;0,22;0,08800000000000001;0,8;2,0;0,0;0,0;0,0;0,0;0,0;1,7029827578388812;0,0;0,37465620672455385;0,0;0,37465620672455385;Reserva bateria e importa energia de red;Alta demanda;1;0,0
Reglas + decision avanzada;8;Edificio A;10,0;2,0;2,0;3,0;3,0;0,95;0,95;0,4;3,0574270372902776;1,5;0,24;0,096;1,5;2,0;0,0;0,0;0,0;0,0;0,0;1,5574270372902776;0,0;0,37378248894966665;0,0;0,37378248894966665;Reserva bateria e importa energia de red;Alta demanda;1;0,0
Reglas + decision avanzada;9;Edificio A;10,0;2,0;2,0;3,0;3,0;0,95;0,95;0,4;2,355113332414066;2,4;0,2;0,08000000000000002;2,355113332414066;2,0426423342066373;0,04488666758593407;0,042642334206637364;0,0;0,0;0,0022443333792967063;0,0;0,0;0,0;0,0;0,0;Carga bateria con excedente PV;Alta demanda;1;0,0
Reglas + decision avanzada;10;Edificio A;10,0;2,0;2,0;3,0;3,0;0,95;0,95;0,4;2,4231794286680954;3,2;0,17;0,068;2,4231794286680954;2,7806218769719466;0,7768205713319047;0,7379795427653094;0,0;0,0;0,038841028566595326;0,0;0,0;0,0;0,0;0,0;Carga bateria con excedente PV;Alta demanda;1;0,0
Reglas + decision avanzada;11;Edificio A;10,0;2,0;2,0;3,0;3,0;0,95;0,95;0,4;1,6691746722904224;3,8;0,15;0,06;1,6691746722904224;4,804905938296045;2,1308253277095774;2,0242840613240984;0,0;0,0;0,106541266385479;0,0;0,0;0,0;0,0;0,0;Carga bateria con excedente PV;Alta demanda;1;0,0
Reglas + decision avanzada;12;Edificio A;10,0;2,0;2,0;3,0;3,0;0,95;0,95;0,4;2,2219649032775686;4,0;0,14;0,05600000000000001;2,2219649032775686;6,4940392801823545;1,7780350967224314;1,6891333418863097;0,0;0,0;0,08890175483612173;0,0;0,0;0,0;0,0;0,0;Carga bateria con excedente PV;Alta demanda;1;0,0
Reglas + decision avanzada;13;Edificio A;10,0;2,0;2,0;3,0;3,0;0,95;0,95;0,4;2,4508702161596854;3,7;0,15;0,06;2,4508702161596854;7,680712574830654;1,2491297838403148;1,186673294648299;0,0;0,0;0,06245648919201585;0,0;0,0;0,0;0,0;0,0;Carga bateria con excedente PV;Alta demanda;1;0,0
Reglas + decision avanzada;14;Edificio A;10,0;2,0;2,0;3,0;3,0;0,95;0,95;0,4;2,6040784996203787;3,0;0,17;0,068;2,6040784996203787;8,056838000191295;0,39592150037962126;0,3761254253606402;0,0;0,0;0,019796075018981063;0,0;0,0;0,0;0,0;0,0;Carga bateria con excedente PV;Alta demanda;1;0,0
Reglas + decision avanzada;15;Edificio A;10,0;2,0;2,0;3,0;3,0;0,95;0,95;0,4;1,9620195718834743;2,1;0,2;0,08000000000000002;1,9620195718834743;8,187919406901994;0,13798042811652578;0,13108140671069948;0,0;0,0;0,006899021405826294;0,0;0,0;0,0;0,0;0,0;Carga bateria con excedente PV;Alta demanda;1;0,0
Reglas + decision avanzada;16;Edificio A;10,0;2,0;2,0;3,0;3,0;0,95;0,95;0,4;2,6089629226409214;1,2;0,23;0,09200000000000001;1,2;6,7048005409641815;0,0;0,0;1,4089629226409215;1,483118865937812;0,07415594329689057;0,0;0,0;0,0;0,0;0,0;Descarga bateria por apoyo avanzado a la decision;Alta demanda;1;0,0
Reglas + decision avanzada;17;Edificio A;10,0;2,0;2,0;3,0;3,0;0,95;0,95;0,4;3,4419854847741527;0,4;0,28;0,11200000000000002;0,4;3,5469058041220762;0,0;0,0;3,0;3,1578947368421053;0,1578947368421053;0,04198548477415276;0,0;0,011755935736762774;0,0;0,011755935736762774;Descarga bateria por apoyo avanzado a la decision;Alta demanda;1;0,0
Reglas + decision avanzada;18;Edificio A;10,0;2,0;2,0;3,0;3,0;0,95;0,95;0,4;4,207598474408806;0,0;0,3;0,12;0,0;2,0;0,0;0,0;1,4695605139159724;1,5469058041220762;0,07734529020610381;2,738037960492834;0,0;0,8214113881478502;0,0;0,8214113881478502;Descarga bateria por apoyo avanzado a la decision;Alta demanda;1;0,0
Reglas + decision avanzada;19;Edificio A;10,0;2,0;2,0;3,0;3,0;0,95;0,95;0,4;3,944906738468848;0,0;0,27;0,10800000000000001;0,0;2,0;0,0;0,0;0,0;0,0;0,0;3,944906738468848;0,0;1,065124819386589;0,0;1,065124819386589;Reserva bateria e importa energia de red;Alta demanda;1;0,0
Reglas + decision avanzada;20;Edificio A;10,0;2,0;2,0;3,0;3,0;0,95;0,95;0,4;3,161888548101674;0,0;0,24;0,096;0,0;2,0;0,0;0,0;0,0;0,0;0,0;3,161888548101674;0,0;0,7588532515444018;0,0;0,7588532515444018;Reserva bateria e importa energia de red;Alta demanda;1;0,0
Reglas + decision avanzada;21;Edificio A;10,0;2,0;2,0;3,0;3,0;0,95;0,95;0,4;2,9660502677711302;0,0;0,2;0,08000000000000002;0,0;2,0;0,0;0,0;0,0;0,0;0,0;2,9660502677711302;0,0;0,5932100535542261;0,0;0,5932100535542261;Reserva bateria e importa energia de red;Alta demanda;1;0,0
Reglas + decision avanzada;22;Edificio A;10,0;2,0;2,0;3,0;3,0;0,95;0,95;0,4;2,3222863297067033;0,0;0,17;0,068;0,0;2,0;0,0;0,0;0,0;0,0;0,0;2,3222863297067033;0,0;0,3947886760501396;0,0;0,3947886760501396;Reserva bateria e importa energia de red;Alta demanda;1;0,0
Reglas + decision avanzada;23;Edificio A;10,0;2,0;2,0;3,0;3,0;0,95;0,95;0,4;1,7704489810023363;0,0;0,15;0,06;0,0;2,0;0,0;0,0;0,0;0,0;0,0;1,7704489810023363;0,0;0,2655673471503504;0,0;0,2655673471503504;Reserva bateria e importa energia de red;Alta demanda;1;0,0
Reglas + decision avanzada;0;Edificio B;8,0;1,6;1,6;2,5;2,5;0,95;0,95;0,4;1,3649835874670153;0,0;0,14;0,05600000000000001;0,0;1,6;0,0;0,0;0,0;0,0;0,0;1,3649835874670153;0,0;0,19109770224538217;0,0;0,19109770224538217;Reserva bateria e importa energia de red;Alta demanda;1;0,0
Reglas + decision avanzada;1;Edificio B;8,0;1,6;1,6;2,5;2,5;0,95;0,95;0,4;1,1898719710992607;0,0;0,13;0,052000000000000005;0,0;1,6;0,0;0,0;0,0;0,0;0,0;1,1898719710992607;0,0;0,15468335624290389;0,0;0,15468335624290389;Reserva bateria e importa energia de red;Alta demanda;1;0,0
Reglas + decision avanzada;2;Edificio B;8,0;1,6;1,6;2,5;2,5;0,95;0,95;0,4;0,6954847027796783;0,0;0,12;0,048;0,0;1,6;0,0;0,0;0,0;0,0;0,0;0,6954847027796783;0,0;0,0834581643335614;0,0;0,0834581643335614;Reserva bateria e importa energia de red;Alta demanda;1;0,0
Reglas + decision avanzada;3;Edificio B;8,0;1,6;1,6;2,5;2,5;0,95;0,95;0,4;1,2552487455128978;0,0;0,12;0,048;0,0;1,6;0,0;0,0;0,0;0,0;0,0;1,2552487455128978;0,0;0,15062984946154773;0,0;0,15062984946154773;Reserva bateria e importa energia de red;Alta demanda;1;0,0
Reglas + decision avanzada;4;Edificio B;8,0;1,6;1,6;2,5;2,5;0,95;0,95;0,4;0,6371815946649246;0,0;0,13;0,052000000000000005;0,0;1,6;0,0;0,0;0,0;0,0;0,0;0,6371815946649246;0,0;0,08283360730644021;0,0;0,08283360730644021;Reserva bateria e importa energia de red;Alta demanda;1;0,0
Reglas + decision avanzada;5;Edificio B;8,0;1,6;1,6;2,5;2,5;0,95;0,95;0,4;1,0484854741818832;0,0;0,15;0,06;0,0;1,6;0,0;0,0;0,0;0,0;0,0;1,0484854741818832;0,0;0,15727282112728247;0,0;0,15727282112728247;Reserva bateria e importa energia de red;Alta demanda;1;0,0
Reglas + decision avanzada;6;Edificio B;8,0;1,6;1,6;2,5;2,5;0,95;0,95;0,4;1,8905186550884476;0,3;0,18;0,072;0,3;1,6;0,0;0,0;0,0;0,0;0,0;1,5905186550884476;0,0;0,28629335791592053;0,0;0,28629335791592053;Reserva bateria e importa energia de red;Alta demanda;1;0,0
Reglas + decision avanzada;7;Edificio B;8,0;1,6;1,6;2,5;2,5;0,95;0,95;0,4;2,4158481444106985;0,8;0,22;0,08800000000000001;0,8;1,6;0,0;0,0;0,0;0,0;0,0;1,6158481444106985;0,0;0,3554865917703537;0,0;0,3554865917703537;Reserva bateria e importa energia de red;Alta demanda;1;0,0
Reglas + decision avanzada;8;Edificio B;8,0;1,6;1,6;2,5;2,5;0,95;0,95;0,4;2,8095686006047793;1,5;0,24;0,096;1,5;1,6;0,0;0,0;0,0;0,0;0,0;1,3095686006047793;0,0;0,314296464145147;0,0;0,314296464145147;Reserva bateria e importa energia de red;Alta demanda;1;0,0
Reglas + decision avanzada;9;Edificio B;8,0;1,6;1,6;2,5;2,5;0,95;0,95;0,4;2,236378629313167;2,4;0,2;0,08000000000000002;2,236378629313167;1,7554403021524911;0,1636213706868328;0,15544030215249116;0,0;0,0;0,00818106853434164;0,0;0,0;0,0;0,0;0,0;Carga bateria con excedente PV;Alta demanda;1;0,0
Reglas + decision avanzada;10;Edificio B;8,0;1,6;1,6;2,5;2,5;0,95;0,95;0,4;2,2592617280183562;3,2;0,17;0,068;2,2592617280183562;2,6491416605350526;0,940738271981644;0,8937013583825617;0,0;0,0;0,04703691359908224;0,0;0,0;0,0;0,0;0,0;Carga bateria con excedente PV;Alta demanda;1;0,0
Reglas + decision avanzada;11;Edificio B;8,0;1,6;1,6;2,5;2,5;0,95;0,95;0,4;2,4525974423066925;3,8;0,15;0,06;2,4525974423066925;3,9291740903436945;1,3474025576933073;1,2800324298086418;0,0;0,0;0,06737012788466545;0,0;0,0;0,0;0,0;0,0;Carga bateria con excedente PV;Alta demanda;1;0,0
Reglas + decision avanzada;12;Edificio B;8,0;1,6;1,6;2,5;2,5;0,95;0,95;0,4;2,2874770907397126;4,0;0,14;0,05600000000000001;2,2874770907397126;5,556070854140968;1,7125229092602874;1,6268967637972729;0,0;0,0;0,0856261454630145;0,0;0,0;0,0;0,0;0,0;Carga bateria con excedente PV;Alta demanda;1;0,0
Reglas + decision avanzada;13;Edificio B;8,0;1,6;1,6;2,5;2,5;0,95;0,95;0,4;2,3187734198795673;3,7;0,15;0,06;2,3187734198795673;6,868236105255379;1,3812265801204329;1,312165251114411;0,0;0,0;0,0690613290060218;0,0;0,0;0,0;0,0;0,0;Carga bateria con excedente PV;Alta demanda;1;0,0
Reglas + decision avanzada;14;Edificio B;8,0;1,6;1,6;2,5;2,5;0,95;0,95;0,4;2,4970304977045417;3,0;0,17;0,068;2,4970304977045417;7,346057132436065;0,5029695022954583;0,4778210271806854;0,0;0,0;0,025148475114772917;0,0;0,0;0,0;0,0;0,0;Carga bateria con excedente PV;Alta demanda;1;0,0
Reglas + decision avanzada;15;Edificio B;8,0;1,6;1,6;2,5;2,5;0,95;0,95;0,4;2,0526912540348357;2,1;0,2;0,08000000000000002;2,0526912540348357;7,391000441102971;0,047308745965164434;0,04494330866690621;0,0;0,0;0,0023654372982582217;0,0;0,0;0,0;0,0;0,0;Carga bateria con excedente PV;Alta demanda;1;0,0
Reglas + decision avanzada;16;Edificio B;8,0;1,6;1,6;2,5;2,5;0,95;0,95;0,4;2,636556510626193;1,2;0,23;0,09200000000000001;1,2;5,878835693075399;0,0;0,0;1,436556510626193;1,5121647480275717;0,07560823740137868;0,0;0,0;0,0;0,0;0,0;Descarga bateria por apoyo avanzado a la decision;Alta demanda;1;0,0
Reglas + decision avanzada;17;Edificio B;8,0;1,6;1,6;2,5;2,5;0,95;0,95;0,4;3,811500219510052;0,4;0,28;0,11200000000000002;0,4;3,247256745706978;0,0;0,0;2,5;2,6315789473684212;0,13157894736842124;0,9115002195100521;0,0;0,2552200614628146;0,0;0,2552200614628146;Descarga bateria por apoyo avanzado a la decision;Alta demanda;1;0,0
Reglas + decision avanzada;18;Edificio B;8,0;1,6;1,6;2,5;2,5;0,95;0,95;0,4;4,065383229127105;0,0;0,3;0,12;0,0;1,6;0,0;0,0;1,5648939084216291;1,647256745706978;0,08236283728534888;2,5004893207054755;0,0;0,7501467962116426;0,0;0,7501467962116426;Descarga bateria por apoyo avanzado a la decision;Alta demanda;1;0,0
Reglas + decision avanzada;19;Edificio B;8,0;1,6;1,6;2,5;2,5;0,95;0,95;0,4;3,8416245451751982;0,0;0,27;0,10800000000000001;0,0;1,6;0,0;0,0;0,0;0,0;0,0;3,8416245451751982;0,0;1,0372386271973035;0,0;1,0372386271973035;Reserva bateria e importa energia de red;Alta demanda;1;0,0
Reglas + decision avanzada;20;Edificio B;8,0;1,6;1,6;2,5;2,5;0,95;0,95;0,4;3,201940579216738;0,0;0,24;0,096;0,0;1,6;0,0;0,0;0,0;0,0;0,0;3,201940579216738;0,0;0,7684657390120171;0,0;0,7684657390120171;Reserva bateria e importa energia de red;Alta demanda;1;0,0
Reglas + decision avanzada;21;Edificio B;8,0;1,6;1,6;2,5;2,5;0,95;0,95;0,4;2,7318418493307677;0,0;0,2;0,08000000000000002;0,0;1,6;0,0;0,0;0,0;0,0;0,0;2,7318418493307677;0,0;0,5463683698661536;0,0;0,5463683698661536;Reserva bateria e importa energia de red;Alta demanda;1;0,0
Reglas + decision avanzada;22;Edificio B;8,0;1,6;1,6;2,5;2,5;0,95;0,95;0,4;2,206182681360233;0,0;0,17;0,068;0,0;1,6;0,0;0,0;0,0;0,0;0,0;2,206182681360233;0,0;0,37505105583123965;0,0;0,37505105583123965;Reserva bateria e importa energia de red;Alta demanda;1;0,0
Reglas + decision avanzada;23;Edificio B;8,0;1,6;1,6;2,5;2,5;0,95;0,95;0,4;1,502019771221468;0,0;0,15;0,06;0,0;1,6;0,0;0,0;0,0;0,0;0,0;1,502019771221468;0,0;0,2253029656832202;0,0;0,2253029656832202;Reserva bateria e importa energia de red;Alta demanda;1;0,0
Sin control;0;Edificio A;10,0;2,0;2,0;3,0;3,0;0,95;0,95;0,4;1,4436518045494862;0,0;0,14;0,05600000000000001;0,0;2,0;0,0;0,0;0,0;0,0;0,0;1,4436518045494862;0,0;0,20211125263692808;0,0;0,20211125263692808;Uso directo de PV e importacion/exportacion de red;Baja irradiacion;1;0,0
Sin control;1;Edificio A;10,0;2,0;2,0;3,0;3,0;0,95;0,95;0,4;0,9082365379524887;0,0;0,13;0,052000000000000005;0,0;2,0;0,0;0,0;0,0;0,0;0,0;0,9082365379524887;0,0;0,11807074993382354;0,0;0,11807074993382354;Uso directo de PV e importacion/exportacion de red;Baja irradiacion;1;0,0
Sin control;2;Edificio A;10,0;2,0;2,0;3,0;3,0;0,95;0,95;0,4;0,8207742371604817;0,0;0,12;0,048;0,0;2,0;0,0;0,0;0,0;0,0;0,0;0,8207742371604817;0,0;0,0984929084592578;0,0;0,0984929084592578;Uso directo de PV e importacion/exportacion de red;Baja irradiacion;1;0,0
Sin control;3;Edificio A;10,0;2,0;2,0;3,0;3,0;0,95;0,95;0,4;0,6390547066765745;0,0;0,12;0,048;0,0;2,0;0,0;0,0;0,0;0,0;0,0;0,6390547066765745;0,0;0,07668656480118893;0,0;0,07668656480118893;Uso directo de PV e importacion/exportacion de red;Baja irradiacion;1;0,0
Sin control;4;Edificio A;10,0;2,0;2,0;3,0;3,0;0,95;0,95;0,4;0,9298111443987018;0,0;0,13;0,052000000000000005;0,0;2,0;0,0;0,0;0,0;0,0;0,0;0,9298111443987018;0,0;0,12087544877183125;0,0;0,12087544877183125;Uso directo de PV e importacion/exportacion de red;Baja irradiacion;1;0,0
Sin control;5;Edificio A;10,0;2,0;2,0;3,0;3,0;0,95;0,95;0,4;0,6547691954679575;0,0;0,15;0,06;0,0;2,0;0,0;0,0;0,0;0,0;0,0;0,6547691954679575;0,0;0,09821537932019363;0,0;0,09821537932019363;Uso directo de PV e importacion/exportacion de red;Baja irradiacion;1;0,0
Sin control;6;Edificio A;10,0;2,0;2,0;3,0;3,0;0,95;0,95;0,4;1,761721764632472;0,195;0,18;0,072;0,195;2,0;0,0;0,0;0,0;0,0;0,0;1,566721764632472;0,0;0,282009917633845;0,0;0,282009917633845;Uso directo de PV e importacion/exportacion de red;Baja irradiacion;1;0,0
Sin control;7;Edificio A;10,0;2,0;2,0;3,0;3,0;0,95;0,95;0,4;2,0858189648657346;0,52;0,22;0,08800000000000001;0,52;2,0;0,0;0,0;0,0;0,0;0,0;1,5658189648657346;0,0;0,3444801722704616;0,0;0,3444801722704616;Uso directo de PV e importacion/exportacion de red;Baja irradiacion;1;0,0
Sin control;8;Edificio A;10,0;2,0;2,0;3,0;3,0;0,95;0,95;0,4;2,547855864408565;0,9750000000000001;0,24;0,096;0,9750000000000001;2,0;0,0;0,0;0,0;0,0;0,0;1,5728558644085648;0,0;0,37748540745805553;0,0;0,37748540745805553;Uso directo de PV e importacion/exportacion de red;Baja irradiacion;1;0,0
Sin control;9;Edificio A;10,0;2,0;2,0;3,0;3,0;0,95;0,95;0,4;1,9625944436783884;1,56;0,2;0,08000000000000002;1,56;2,0;0,0;0,0;0,0;0,0;0,0;0,40259444367838837;0,0;0,08051888873567768;0,0;0,08051888873567768;Uso directo de PV e importacion/exportacion de red;Baja irradiacion;1;0,0
Sin control;10;Edificio A;10,0;2,0;2,0;3,0;3,0;0,95;0,95;0,4;2,0193161905567463;2,08;0,17;0,068;2,0193161905567463;2,0;0,0;0,0;0,0;0,0;0,0;0,0;0,0606838094432538;0,0;0,004126499042141259;-0,004126499042141259;Uso directo de PV e importacion/exportacion de red;Baja irradiacion;1;0,0
Sin control;11;Edificio A;10,0;2,0;2,0;3,0;3,0;0,95;0,95;0,4;1,390978893575352;2,4699999999999998;0,15;0,06;1,390978893575352;2,0;0,0;0,0;0,0;0,0;0,0;0,0;1,0790211064246478;0,0;0,06474126638547886;-0,06474126638547886;Uso directo de PV e importacion/exportacion de red;Baja irradiacion;1;0,0
Sin control;12;Edificio A;10,0;2,0;2,0;3,0;3,0;0,95;0,95;0,4;1,8516374193979739;2,6;0,14;0,05600000000000001;1,8516374193979739;2,0;0,0;0,0;0,0;0,0;0,0;0,0;0,7483625806020262;0,0;0,041908304513713475;-0,041908304513713475;Uso directo de PV e importacion/exportacion de red;Baja irradiacion;1;0,0
Sin control;13;Edificio A;10,0;2,0;2,0;3,0;3,0;0,95;0,95;0,4;2,0423918467997377;2,4050000000000002;0,15;0,06;2,0423918467997377;2,0;0,0;0,0;0,0;0,0;0,0;0,0;0,3626081532002625;0,0;0,02175648919201575;-0,02175648919201575;Uso directo de PV e importacion/exportacion de red;Baja irradiacion;1;0,0
Sin control;14;Edificio A;10,0;2,0;2,0;3,0;3,0;0,95;0,95;0,4;2,1700654163503157;1,9500000000000002;0,17;0,068;1,9500000000000002;2,0;0,0;0,0;0,0;0,0;0,0;0,2200654163503155;0,0;0,03741112077955364;0,0;0,03741112077955364;Uso directo de PV e importacion/exportacion de red;Baja irradiacion;1;0,0
Sin control;15;Edificio A;10,0;2,0;2,0;3,0;3,0;0,95;0,95;0,4;1,6350163099028954;1,3650000000000002;0,2;0,08000000000000002;1,3650000000000002;2,0;0,0;0,0;0,0;0,0;0,0;0,27001630990289516;0,0;0,05400326198057903;0,0;0,05400326198057903;Uso directo de PV e importacion/exportacion de red;Baja irradiacion;1;0,0
Sin control;16;Edificio A;10,0;2,0;2,0;3,0;3,0;0,95;0,95;0,4;2,1741357688674348;0,78;0,23;0,09200000000000001;0,78;2,0;0,0;0,0;0,0;0,0;0,0;1,3941357688674347;0,0;0,32065122683951003;0,0;0,32065122683951003;Uso directo de PV e importacion/exportacion de red;Baja irradiacion;1;0,0
Sin control;17;Edificio A;10,0;2,0;2,0;3,0;3,0;0,95;0,95;0,4;2,868321237311794;0,26;0,28;0,11200000000000002;0,26;2,0;0,0;0,0;0,0;0,0;0,0;2,6083212373117943;0,0;0,7303299464473025;0,0;0,7303299464473025;Uso directo de PV e importacion/exportacion de red;Baja irradiacion;1;0,0
Sin control;18;Edificio A;10,0;2,0;2,0;3,0;3,0;0,95;0,95;0,4;3,506332062007339;0,0;0,3;0,12;0,0;2,0;0,0;0,0;0,0;0,0;0,0;3,506332062007339;0,0;1,0518996186022016;0,0;1,0518996186022016;Uso directo de PV e importacion/exportacion de red;Baja irradiacion;1;0,0
Sin control;19;Edificio A;10,0;2,0;2,0;3,0;3,0;0,95;0,95;0,4;3,2874222820573733;0,0;0,27;0,10800000000000001;0,0;2,0;0,0;0,0;0,0;0,0;0,0;3,2874222820573733;0,0;0,8876040161554909;0,0;0,8876040161554909;Uso directo de PV e importacion/exportacion de red;Baja irradiacion;1;0,0
Sin control;20;Edificio A;10,0;2,0;2,0;3,0;3,0;0,95;0,95;0,4;2,6349071234180617;0,0;0,24;0,096;0,0;2,0;0,0;0,0;0,0;0,0;0,0;2,6349071234180617;0,0;0,6323777096203348;0,0;0,6323777096203348;Uso directo de PV e importacion/exportacion de red;Baja irradiacion;1;0,0
Sin control;21;Edificio A;10,0;2,0;2,0;3,0;3,0;0,95;0,95;0,4;2,471708556475942;0,0;0,2;0,08000000000000002;0,0;2,0;0,0;0,0;0,0;0,0;0,0;2,471708556475942;0,0;0,4943417112951884;0,0;0,4943417112951884;Uso directo de PV e importacion/exportacion de red;Baja irradiacion;1;0,0
Sin control;22;Edificio A;10,0;2,0;2,0;3,0;3,0;0,95;0,95;0,4;1,9352386080889195;0,0;0,17;0,068;0,0;2,0;0,0;0,0;0,0;0,0;0,0;1,9352386080889195;0,0;0,32899056337511634;0,0;0,32899056337511634;Uso directo de PV e importacion/exportacion de red;Baja irradiacion;1;0,0
Sin control;23;Edificio A;10,0;2,0;2,0;3,0;3,0;0,95;0,95;0,4;1,4753741508352802;0,0;0,15;0,06;0,0;2,0;0,0;0,0;0,0;0,0;0,0;1,4753741508352802;0,0;0,22130612262529203;0,0;0,22130612262529203;Uso directo de PV e importacion/exportacion de red;Baja irradiacion;1;0,0
Sin control;0;Edificio B;8,0;1,6;1,6;2,5;2,5;0,95;0,95;0,4;1,1374863228891794;0,0;0,14;0,05600000000000001;0,0;1,6;0,0;0,0;0,0;0,0;0,0;1,1374863228891794;0,0;0,15924808520448513;0,0;0,15924808520448513;Uso directo de PV e importacion/exportacion de red;Baja irradiacion;1;0,0
Sin control;1;Edificio B;8,0;1,6;1,6;2,5;2,5;0,95;0,95;0,4;0,9915599759160506;0,0;0,13;0,052000000000000005;0,0;1,6;0,0;0,0;0,0;0,0;0,0;0,9915599759160506;0,0;0,1289027968690866;0,0;0,1289027968690866;Uso directo de PV e importacion/exportacion de red;Baja irradiacion;1;0,0
Sin control;2;Edificio B;8,0;1,6;1,6;2,5;2,5;0,95;0,95;0,4;0,579570585649732;0,0;0,12;0,048;0,0;1,6;0,0;0,0;0,0;0,0;0,0;0,579570585649732;0,0;0,06954847027796783;0,0;0,06954847027796783;Uso directo de PV e importacion/exportacion de red;Baja irradiacion;1;0,0
Sin control;3;Edificio B;8,0;1,6;1,6;2,5;2,5;0,95;0,95;0,4;1,0460406212607483;0,0;0,12;0,048;0,0;1,6;0,0;0,0;0,0;0,0;0,0;1,0460406212607483;0,0;0,1255248745512898;0,0;0,1255248745512898;Uso directo de PV e importacion/exportacion de red;Baja irradiacion;1;0,0
Sin control;4;Edificio B;8,0;1,6;1,6;2,5;2,5;0,95;0,95;0,4;0,5309846622207706;0,0;0,13;0,052000000000000005;0,0;1,6;0,0;0,0;0,0;0,0;0,0;0,5309846622207706;0,0;0,06902800608870018;0,0;0,06902800608870018;Uso directo de PV e importacion/exportacion de red;Baja irradiacion;1;0,0
Sin control;5;Edificio B;8,0;1,6;1,6;2,5;2,5;0,95;0,95;0,4;0,8737378951515694;0,0;0,15;0,06;0,0;1,6;0,0;0,0;0,0;0,0;0,0;0,8737378951515694;0,0;0,1310606842727354;0,0;0,1310606842727354;Uso directo de PV e importacion/exportacion de red;Baja irradiacion;1;0,0
Sin control;6;Edificio B;8,0;1,6;1,6;2,5;2,5;0,95;0,95;0,4;1,5754322125737064;0,195;0,18;0,072;0,195;1,6;0,0;0,0;0,0;0,0;0,0;1,3804322125737063;0,0;0,24847779826326713;0,0;0,24847779826326713;Uso directo de PV e importacion/exportacion de red;Baja irradiacion;1;0,0
Sin control;7;Edificio B;8,0;1,6;1,6;2,5;2,5;0,95;0,95;0,4;2,0132067870089156;0,52;0,22;0,08800000000000001;0,52;1,6;0,0;0,0;0,0;0,0;0,0;1,4932067870089156;0,0;0,3285054931419614;0,0;0,3285054931419614;Uso directo de PV e importacion/exportacion de red;Baja irradiacion;1;0,0
Sin control;8;Edificio B;8,0;1,6;1,6;2,5;2,5;0,95;0,95;0,4;2,3413071671706494;0,9750000000000001;0,24;0,096;0,9750000000000001;1,6;0,0;0,0;0,0;0,0;0,0;1,3663071671706493;0,0;0,3279137201209558;0,0;0,3279137201209558;Uso directo de PV e importacion/exportacion de red;Baja irradiacion;1;0,0
Sin control;9;Edificio B;8,0;1,6;1,6;2,5;2,5;0,95;0,95;0,4;1,8636488577609727;1,56;0,2;0,08000000000000002;1,56;1,6;0,0;0,0;0,0;0,0;0,0;0,3036488577609726;0,0;0,06072977155219453;0,0;0,06072977155219453;Uso directo de PV e importacion/exportacion de red;Baja irradiacion;1;0,0
Sin control;10;Edificio B;8,0;1,6;1,6;2,5;2,5;0,95;0,95;0,4;1,8827181066819636;2,08;0,17;0,068;1,8827181066819636;1,6;0,0;0,0;0,0;0,0;0,0;0,0;0,19728189331803647;0,0;0,01341516874562648;-0,01341516874562648;Uso directo de PV e importacion/exportacion de red;Baja irradiacion;1;0,0
Sin control;11;Edificio B;8,0;1,6;1,6;2,5;2,5;0,95;0,95;0,4;2,0438312019222438;2,4699999999999998;0,15;0,06;2,0438312019222438;1,6;0,0;0,0;0,0;0,0;0,0;0,0;0,426168798077756;0,0;0,025570127884665356;-0,025570127884665356;Uso directo de PV e importacion/exportacion de red;Baja irradiacion;1;0,0
Sin control;12;Edificio B;8,0;1,6;1,6;2,5;2,5;0,95;0,95;0,4;1,9062309089497604;2,6;0,14;0,05600000000000001;1,9062309089497604;1,6;0,0;0,0;0,0;0,0;0,0;0,0;0,6937690910502397;0,0;0,038851069098813425;-0,038851069098813425;Uso directo de PV e importacion/exportacion de red;Baja irradiacion;1;0,0
Sin control;13;Edificio B;8,0;1,6;1,6;2,5;2,5;0,95;0,95;0,4;1,9323111832329727;2,4050000000000002;0,15;0,06;1,9323111832329727;1,6;0,0;0,0;0,0;0,0;0,0;0,0;0,47268881676702756;0,0;0,028361329006021653;-0,028361329006021653;Uso directo de PV e importacion/exportacion de red;Baja irradiacion;1;0,0
Sin control;14;Edificio B;8,0;1,6;1,6;2,5;2,5;0,95;0,95;0,4;2,080858748087118;1,9500000000000002;0,17;0,068;1,9500000000000002;1,6;0,0;0,0;0,0;0,0;0,0;0,13085874808711795;0,0;0,022245987174810054;0,0;0,022245987174810054;Uso directo de PV e importacion/exportacion de red;Baja irradiacion;1;0,0
Sin control;15;Edificio B;8,0;1,6;1,6;2,5;2,5;0,95;0,95;0,4;1,71057604502903;1,3650000000000002;0,2;0,08000000000000002;1,3650000000000002;1,6;0,0;0,0;0,0;0,0;0,0;0,3455760450290297;0,0;0,06911520900580595;0,0;0,06911520900580595;Uso directo de PV e importacion/exportacion de red;Baja irradiacion;1;0,0
Sin control;16;Edificio B;8,0;1,6;1,6;2,5;2,5;0,95;0,95;0,4;2,1971304255218276;0,78;0,23;0,09200000000000001;0,78;1,6;0,0;0,0;0,0;0,0;0,0;1,4171304255218276;0,0;0,32593999787002037;0,0;0,32593999787002037;Uso directo de PV e importacion/exportacion de red;Baja irradiacion;1;0,0
Sin control;17;Edificio B;8,0;1,6;1,6;2,5;2,5;0,95;0,95;0,4;3,1762501829250436;0,26;0,28;0,11200000000000002;0,26;1,6;0,0;0,0;0,0;0,0;0,0;2,916250182925044;0,0;0,8165500512190124;0,0;0,8165500512190124;Uso directo de PV e importacion/exportacion de red;Baja irradiacion;1;0,0
Sin control;18;Edificio B;8,0;1,6;1,6;2,5;2,5;0,95;0,95;0,4;3,387819357605921;0,0;0,3;0,12;0,0;1,6;0,0;0,0;0,0;0,0;0,0;3,387819357605921;0,0;1,0163458072817761;0,0;1,0163458072817761;Uso directo de PV e importacion/exportacion de red;Baja irradiacion;1;0,0
Sin control;19;Edificio B;8,0;1,6;1,6;2,5;2,5;0,95;0,95;0,4;3,2013537876459988;0,0;0,27;0,10800000000000001;0,0;1,6;0,0;0,0;0,0;0,0;0,0;3,2013537876459988;0,0;0,8643655226644197;0,0;0,8643655226644197;Uso directo de PV e importacion/exportacion de red;Baja irradiacion;1;0,0
Sin control;20;Edificio B;8,0;1,6;1,6;2,5;2,5;0,95;0,95;0,4;2,6682838160139486;0,0;0,24;0,096;0,0;1,6;0,0;0,0;0,0;0,0;0,0;2,6682838160139486;0,0;0,6403881158433476;0,0;0,6403881158433476;Uso directo de PV e importacion/exportacion de red;Baja irradiacion;1;0,0
Sin control;21;Edificio B;8,0;1,6;1,6;2,5;2,5;0,95;0,95;0,4;2,2765348744423064;0,0;0,2;0,08000000000000002;0,0;1,6;0,0;0,0;0,0;0,0;0,0;2,2765348744423064;0,0;0,4553069748884613;0,0;0,4553069748884613;Uso directo de PV e importacion/exportacion de red;Baja irradiacion;1;0,0
Sin control;22;Edificio B;8,0;1,6;1,6;2,5;2,5;0,95;0,95;0,4;1,8384855678001943;0,0;0,17;0,068;0,0;1,6;0,0;0,0;0,0;0,0;0,0;1,8384855678001943;0,0;0,3125425465260331;0,0;0,3125425465260331;Uso directo de PV e importacion/exportacion de red;Baja irradiacion;1;0,0
Sin control;23;Edificio B;8,0;1,6;1,6;2,5;2,5;0,95;0,95;0,4;1,2516831426845567;0,0;0,15;0,06;0,0;1,6;0,0;0,0;0,0;0,0;0,0;1,2516831426845567;0,0;0,1877524714026835;0,0;0,1877524714026835;Uso directo de PV e importacion/exportacion de red;Baja irradiacion;1;0,0
Reglas;0;Edificio A;10,0;2,0;2,0;3,0;3,0;0,95;0,95;0,4;1,4436518045494862;0,0;0,14;0,05600000000000001;0,0;2,0;0,0;0,0;0,0;0,0;0,0;1,4436518045494862;0,0;0,20211125263692808;0,0;0,20211125263692808;Importa energia de red;Baja irradiacion;1;0,0
Reglas;1;Edificio A;10,0;2,0;2,0;3,0;3,0;0,95;0,95;0,4;0,9082365379524887;0,0;0,13;0,052000000000000005;0,0;2,0;0,0;0,0;0,0;0,0;0,0;0,9082365379524887;0,0;0,11807074993382354;0,0;0,11807074993382354;Importa energia de red;Baja irradiacion;1;0,0
Reglas;2;Edificio A;10,0;2,0;2,0;3,0;3,0;0,95;0,95;0,4;0,8207742371604817;0,0;0,12;0,048;0,0;2,0;0,0;0,0;0,0;0,0;0,0;0,8207742371604817;0,0;0,0984929084592578;0,0;0,0984929084592578;Importa energia de red;Baja irradiacion;1;0,0
Reglas;3;Edificio A;10,0;2,0;2,0;3,0;3,0;0,95;0,95;0,4;0,6390547066765745;0,0;0,12;0,048;0,0;2,0;0,0;0,0;0,0;0,0;0,0;0,6390547066765745;0,0;0,07668656480118893;0,0;0,07668656480118893;Importa energia de red;Baja irradiacion;1;0,0
Reglas;4;Edificio A;10,0;2,0;2,0;3,0;3,0;0,95;0,95;0,4;0,9298111443987018;0,0;0,13;0,052000000000000005;0,0;2,0;0,0;0,0;0,0;0,0;0,0;0,9298111443987018;0,0;0,12087544877183125;0,0;0,12087544877183125;Importa energia de red;Baja irradiacion;1;0,0
Reglas;5;Edificio A;10,0;2,0;2,0;3,0;3,0;0,95;0,95;0,4;0,6547691954679575;0,0;0,15;0,06;0,0;2,0;0,0;0,0;0,0;0,0;0,0;0,6547691954679575;0,0;0,09821537932019363;0,0;0,09821537932019363;Importa energia de red;Baja irradiacion;1;0,0
Reglas;6;Edificio A;10,0;2,0;2,0;3,0;3,0;0,95;0,95;0,4;1,761721764632472;0,195;0,18;0,072;0,195;2,0;0,0;0,0;0,0;0,0;0,0;1,566721764632472;0,0;0,282009917633845;0,0;0,282009917633845;Importa energia de red;Baja irradiacion;1;0,0
Reglas;7;Edificio A;10,0;2,0;2,0;3,0;3,0;0,95;0,95;0,4;2,0858189648657346;0,52;0,22;0,08800000000000001;0,52;2,0;0,0;0,0;0,0;0,0;0,0;1,5658189648657346;0,0;0,3444801722704616;0,0;0,3444801722704616;Importa energia de red;Baja irradiacion;1;0,0
Reglas;8;Edificio A;10,0;2,0;2,0;3,0;3,0;0,95;0,95;0,4;2,547855864408565;0,9750000000000001;0,24;0,096;0,9750000000000001;2,0;0,0;0,0;0,0;0,0;0,0;1,5728558644085648;0,0;0,37748540745805553;0,0;0,37748540745805553;Importa energia de red;Baja irradiacion;1;0,0
Reglas;9;Edificio A;10,0;2,0;2,0;3,0;3,0;0,95;0,95;0,4;1,9625944436783884;1,56;0,2;0,08000000000000002;1,56;2,0;0,0;0,0;0,0;0,0;0,0;0,40259444367838837;0,0;0,08051888873567768;0,0;0,08051888873567768;Importa energia de red;Baja irradiacion;1;0,0
Reglas;10;Edificio A;10,0;2,0;2,0;3,0;3,0;0,95;0,95;0,4;2,0193161905567463;2,08;0,17;0,068;2,0193161905567463;2,057649618971091;0,0606838094432538;0,05764961897109111;0,0;0,0;0,00303419047216269;0,0;0,0;0,0;0,0;0,0;Carga bateria con excedente PV;Baja irradiacion;1;0,0
Reglas;11;Edificio A;10,0;2,0;2,0;3,0;3,0;0,95;0,95;0,4;1,390978893575352;2,4699999999999998;0,15;0,06;1,390978893575352;3,082719670074506;1,0790211064246478;1,0250700511034154;0,0;0,0;0,053951055321232344;0,0;0,0;0,0;0,0;0,0;Carga bateria con excedente PV;Baja irradiacion;1;0,0
Reglas;12;Edificio A;10,0;2,0;2,0;3,0;3,0;0,95;0,95;0,4;1,8516374193979739;2,6;0,14;0,05600000000000001;1,8516374193979739;3,793664121646431;0,7483625806020262;0,7109444515719249;0,0;0,0;0,03741812903010133;0,0;0,0;0,0;0,0;0,0;Carga bateria con excedente PV;Baja irradiacion;1;0,0
Reglas;13;Edificio A;10,0;2,0;2,0;3,0;3,0;0,95;0,95;0,4;2,0423918467997377;2,4050000000000002;0,15;0,06;2,0423918467997377;4,13814186718668;0,3626081532002625;0,3444777455402494;0,0;0,0;0,018130407660013115;0,0;0,0;0,0;0,0;0,0;Carga bateria con excedente PV;Baja irradiacion;1;0,0
Reglas;14;Edificio A;10,0;2,0;2,0;3,0;3,0;0,95;0,95;0,4;2,1700654163503157;1,9500000000000002;0,17;0,068;1,9500000000000002;4,13814186718668;0,0;0,0;0,0;0,0;0,0;0,2200654163503155;0,0;0,03741112077955364;0,0;0,03741112077955364;Importa energia de red;Baja irradiacion;1;0,0
Reglas;15;Edificio A;10,0;2,0;2,0;3,0;3,0;0,95;0,95;0,4;1,6350163099028954;1,3650000000000002;0,2;0,08000000000000002;1,3650000000000002;4,13814186718668;0,0;0,0;0,0;0,0;0,0;0,27001630990289516;0,0;0,05400326198057903;0,0;0,05400326198057903;Importa energia de red;Baja irradiacion;1;0,0
Reglas;16;Edificio A;10,0;2,0;2,0;3,0;3,0;0,95;0,95;0,4;2,1741357688674348;0,78;0,23;0,09200000000000001;0,78;2,6706305315367485;0,0;0,0;1,3941357688674347;1,4675113356499314;0,07337556678249668;0,0;0,0;0,0;0,0;0,0;Descarga bateria por precio elevado o demanda alta;Baja irradiacion;1;0,0
Reglas;17;Edificio A;10,0;2,0;2,0;3,0;3,0;0,95;0,95;0,4;2,868321237311794;0,26;0,28;0,11200000000000002;0,26;2,0;0,0;0,0;0,637099004959911;0,6706305315367485;0,033531526576837445;1,9712222323518833;0,0;0,5519422250585274;0,0;0,5519422250585274;Descarga bateria por precio elevado o demanda alta;Baja irradiacion;1;0,0
Reglas;18;Edificio A;10,0;2,0;2,0;3,0;3,0;0,95;0,95;0,4;3,506332062007339;0,0;0,3;0,12;0,0;2,0;0,0;0,0;0,0;0,0;0,0;3,506332062007339;0,0;1,0518996186022016;0,0;1,0518996186022016;Importa energia de red;Baja irradiacion;1;0,0
Reglas;19;Edificio A;10,0;2,0;2,0;3,0;3,0;0,95;0,95;0,4;3,2874222820573733;0,0;0,27;0,10800000000000001;0,0;2,0;0,0;0,0;0,0;0,0;0,0;3,2874222820573733;0,0;0,8876040161554909;0,0;0,8876040161554909;Importa energia de red;Baja irradiacion;1;0,0
Reglas;20;Edificio A;10,0;2,0;2,0;3,0;3,0;0,95;0,95;0,4;2,6349071234180617;0,0;0,24;0,096;0,0;2,0;0,0;0,0;0,0;0,0;0,0;2,6349071234180617;0,0;0,6323777096203348;0,0;0,6323777096203348;Importa energia de red;Baja irradiacion;1;0,0
Reglas;21;Edificio A;10,0;2,0;2,0;3,0;3,0;0,95;0,95;0,4;2,471708556475942;0,0;0,2;0,08000000000000002;0,0;2,0;0,0;0,0;0,0;0,0;0,0;2,471708556475942;0,0;0,4943417112951884;0,0;0,4943417112951884;Importa energia de red;Baja irradiacion;1;0,0
Reglas;22;Edificio A;10,0;2,0;2,0;3,0;3,0;0,95;0,95;0,4;1,9352386080889195;0,0;0,17;0,068;0,0;2,0;0,0;0,0;0,0;0,0;0,0;1,9352386080889195;0,0;0,32899056337511634;0,0;0,32899056337511634;Importa energia de red;Baja irradiacion;1;0,0
Reglas;23;Edificio A;10,0;2,0;2,0;3,0;3,0;0,95;0,95;0,4;1,4753741508352802;0,0;0,15;0,06;0,0;2,0;0,0;0,0;0,0;0,0;0,0;1,4753741508352802;0,0;0,22130612262529203;0,0;0,22130612262529203;Importa energia de red;Baja irradiacion;1;0,0
Reglas;0;Edificio B;8,0;1,6;1,6;2,5;2,5;0,95;0,95;0,4;1,1374863228891794;0,0;0,14;0,05600000000000001;0,0;1,6;0,0;0,0;0,0;0,0;0,0;1,1374863228891794;0,0;0,15924808520448513;0,0;0,15924808520448513;Importa energia de red;Baja irradiacion;1;0,0
Reglas;1;Edificio B;8,0;1,6;1,6;2,5;2,5;0,95;0,95;0,4;0,9915599759160506;0,0;0,13;0,052000000000000005;0,0;1,6;0,0;0,0;0,0;0,0;0,0;0,9915599759160506;0,0;0,1289027968690866;0,0;0,1289027968690866;Importa energia de red;Baja irradiacion;1;0,0
Reglas;2;Edificio B;8,0;1,6;1,6;2,5;2,5;0,95;0,95;0,4;0,579570585649732;0,0;0,12;0,048;0,0;1,6;0,0;0,0;0,0;0,0;0,0;0,579570585649732;0,0;0,06954847027796783;0,0;0,06954847027796783;Importa energia de red;Baja irradiacion;1;0,0
Reglas;3;Edificio B;8,0;1,6;1,6;2,5;2,5;0,95;0,95;0,4;1,0460406212607483;0,0;0,12;0,048;0,0;1,6;0,0;0,0;0,0;0,0;0,0;1,0460406212607483;0,0;0,1255248745512898;0,0;0,1255248745512898;Importa energia de red;Baja irradiacion;1;0,0
Reglas;4;Edificio B;8,0;1,6;1,6;2,5;2,5;0,95;0,95;0,4;0,5309846622207706;0,0;0,13;0,052000000000000005;0,0;1,6;0,0;0,0;0,0;0,0;0,0;0,5309846622207706;0,0;0,06902800608870018;0,0;0,06902800608870018;Importa energia de red;Baja irradiacion;1;0,0
Reglas;5;Edificio B;8,0;1,6;1,6;2,5;2,5;0,95;0,95;0,4;0,8737378951515694;0,0;0,15;0,06;0,0;1,6;0,0;0,0;0,0;0,0;0,0;0,8737378951515694;0,0;0,1310606842727354;0,0;0,1310606842727354;Importa energia de red;Baja irradiacion;1;0,0
Reglas;6;Edificio B;8,0;1,6;1,6;2,5;2,5;0,95;0,95;0,4;1,5754322125737064;0,195;0,18;0,072;0,195;1,6;0,0;0,0;0,0;0,0;0,0;1,3804322125737063;0,0;0,24847779826326713;0,0;0,24847779826326713;Importa energia de red;Baja irradiacion;1;0,0
Reglas;7;Edificio B;8,0;1,6;1,6;2,5;2,5;0,95;0,95;0,4;2,0132067870089156;0,52;0,22;0,08800000000000001;0,52;1,6;0,0;0,0;0,0;0,0;0,0;1,4932067870089156;0,0;0,3285054931419614;0,0;0,3285054931419614;Importa energia de red;Baja irradiacion;1;0,0
Reglas;8;Edificio B;8,0;1,6;1,6;2,5;2,5;0,95;0,95;0,4;2,3413071671706494;0,9750000000000001;0,24;0,096;0,9750000000000001;1,6;0,0;0,0;0,0;0,0;0,0;1,3663071671706493;0,0;0,3279137201209558;0,0;0,3279137201209558;Importa energia de red;Baja irradiacion;1;0,0
Reglas;9;Edificio B;8,0;1,6;1,6;2,5;2,5;0,95;0,95;0,4;1,8636488577609727;1,56;0,2;0,08000000000000002;1,56;1,6;0,0;0,0;0,0;0,0;0,0;0,3036488577609726;0,0;0,06072977155219453;0,0;0,06072977155219453;Importa energia de red;Baja irradiacion;1;0,0
Reglas;10;Edificio B;8,0;1,6;1,6;2,5;2,5;0,95;0,95;0,4;1,8827181066819636;2,08;0,17;0,068;1,8827181066819636;1,7874177986521347;0,19728189331803647;0,18741779865213465;0,0;0,0;0,009864094665901824;0,0;0,0;0,0;0,0;0,0;Carga bateria con excedente PV;Baja irradiacion;1;0,0
Reglas;11;Edificio B;8,0;1,6;1,6;2,5;2,5;0,95;0,95;0,4;2,0438312019222438;2,4699999999999998;0,15;0,06;2,0438312019222438;2,192278156826003;0,426168798077756;0,4048603581738682;0,0;0,0;0,02130843990388781;0,0;0,0;0,0;0,0;0,0;Carga bateria con excedente PV;Baja irradiacion;1;0,0
Reglas;12;Edificio B;8,0;1,6;1,6;2,5;2,5;0,95;0,95;0,4;1,9062309089497604;2,6;0,14;0,05600000000000001;1,9062309089497604;2,8513587933237305;0,6937690910502397;0,6590806364977276;0,0;0,0;0,034688454552512016;0,0;0,0;0,0;0,0;0,0;Carga bateria con excedente PV;Baja irradiacion;1;0,0
Reglas;13;Edificio B;8,0;1,6;1,6;2,5;2,5;0,95;0,95;0,4;1,9323111832329727;2,4050000000000002;0,15;0,06;1,9323111832329727;3,3004131692524066;0,47268881676702756;0,44905437592867614;0,0;0,0;0,023634440838351423;0,0;0,0;0,0;0,0;0,0;Carga bateria con excedente PV;Baja irradiacion;1;0,0
Reglas;14;Edificio B;8,0;1,6;1,6;2,5;2,5;0,95;0,95;0,4;2,080858748087118;1,9500000000000002;0,17;0,068;1,9500000000000002;3,3004131692524066;0,0;0,0;0,0;0,0;0,0;0,13085874808711795;0,0;0,022245987174810054;0,0;0,022245987174810054;Importa energia de red;Baja irradiacion;1;0,0
Reglas;15;Edificio B;8,0;1,6;1,6;2,5;2,5;0,95;0,95;0,4;1,71057604502903;1,3650000000000002;0,2;0,08000000000000002;1,3650000000000002;3,3004131692524066;0,0;0,0;0,0;0,0;0,0;0,3455760450290297;0,0;0,06911520900580595;0,0;0,06911520900580595;Importa energia de red;Baja irradiacion;1;0,0
Reglas;16;Edificio B;8,0;1,6;1,6;2,5;2,5;0,95;0,95;0,4;2,1971304255218276;0,78;0,23;0,09200000000000001;0,78;1,808696931861009;0,0;0,0;1,4171304255218276;1,4917162373913975;0,07458581186956992;0,0;0,0;0,0;0,0;0,0;Descarga bateria por precio elevado o demanda alta;Baja irradiacion;1;0,0
Reglas;17;Edificio B;8,0;1,6;1,6;2,5;2,5;0,95;0,95;0,4;3,1762501829250436;0,26;0,28;0,11200000000000002;0,26;1,6;0,0;0,0;0,19826208526795855;0,20869693186100902;0,010434846593050467;2,717988097657085;0,0;0,7610366673439839;0,0;0,7610366673439839;Descarga bateria por precio elevado o demanda alta;Baja irradiacion;1;0,0
Reglas;18;Edificio B;8,0;1,6;1,6;2,5;2,5;0,95;0,95;0,4;3,387819357605921;0,0;0,3;0,12;0,0;1,6;0,0;0,0;0,0;0,0;0,0;3,387819357605921;0,0;1,0163458072817761;0,0;1,0163458072817761;Importa energia de red;Baja irradiacion;1;0,0
Reglas;19;Edificio B;8,0;1,6;1,6;2,5;2,5;0,95;0,95;0,4;3,2013537876459988;0,0;0,27;0,10800000000000001;0,0;1,6;0,0;0,0;0,0;0,0;0,0;3,2013537876459988;0,0;0,8643655226644197;0,0;0,8643655226644197;Importa energia de red;Baja irradiacion;1;0,0
Reglas;20;Edificio B;8,0;1,6;1,6;2,5;2,5;0,95;0,95;0,4;2,6682838160139486;0,0;0,24;0,096;0,0;1,6;0,0;0,0;0,0;0,0;0,0;2,6682838160139486;0,0;0,6403881158433476;0,0;0,6403881158433476;Importa energia de red;Baja irradiacion;1;0,0
Reglas;21;Edificio B;8,0;1,6;1,6;2,5;2,5;0,95;0,95;0,4;2,2765348744423064;0,0;0,2;0,08000000000000002;0,0;1,6;0,0;0,0;0,0;0,0;0,0;2,2765348744423064;0,0;0,4553069748884613;0,0;0,4553069748884613;Importa energia de red;Baja irradiacion;1;0,0
Reglas;22;Edificio B;8,0;1,6;1,6;2,5;2,5;0,95;0,95;0,4;1,8384855678001943;0,0;0,17;0,068;0,0;1,6;0,0;0,0;0,0;0,0;0,0;1,8384855678001943;0,0;0,3125425465260331;0,0;0,3125425465260331;Importa energia de red;Baja irradiacion;1;0,0
Reglas;23;Edificio B;8,0;1,6;1,6;2,5;2,5;0,95;0,95;0,4;1,2516831426845567;0,0;0,15;0,06;0,0;1,6;0,0;0,0;0,0;0,0;0,0;1,2516831426845567;0,0;0,1877524714026835;0,0;0,1877524714026835;Importa energia de red;Baja irradiacion;1;0,0
Reglas + decision avanzada;0;Edificio A;10,0;2,0;2,0;3,0;3,0;0,95;0,95;0,4;1,4436518045494862;0,0;0,14;0,05600000000000001;0,0;2,0;0,0;0,0;0,0;0,0;0,0;1,4436518045494862;0,0;0,20211125263692808;0,0;0,20211125263692808;Reserva bateria e importa energia de red;Baja irradiacion;1;0,0
Reglas + decision avanzada;1;Edificio A;10,0;2,0;2,0;3,0;3,0;0,95;0,95;0,4;0,9082365379524887;0,0;0,13;0,052000000000000005;0,0;2,0;0,0;0,0;0,0;0,0;0,0;0,9082365379524887;0,0;0,11807074993382354;0,0;0,11807074993382354;Reserva bateria e importa energia de red;Baja irradiacion;1;0,0
Reglas + decision avanzada;2;Edificio A;10,0;2,0;2,0;3,0;3,0;0,95;0,95;0,4;0,8207742371604817;0,0;0,12;0,048;0,0;2,0;0,0;0,0;0,0;0,0;0,0;0,8207742371604817;0,0;0,0984929084592578;0,0;0,0984929084592578;Reserva bateria e importa energia de red;Baja irradiacion;1;0,0
Reglas + decision avanzada;3;Edificio A;10,0;2,0;2,0;3,0;3,0;0,95;0,95;0,4;0,6390547066765745;0,0;0,12;0,048;0,0;2,0;0,0;0,0;0,0;0,0;0,0;0,6390547066765745;0,0;0,07668656480118893;0,0;0,07668656480118893;Reserva bateria e importa energia de red;Baja irradiacion;1;0,0
Reglas + decision avanzada;4;Edificio A;10,0;2,0;2,0;3,0;3,0;0,95;0,95;0,4;0,9298111443987018;0,0;0,13;0,052000000000000005;0,0;2,0;0,0;0,0;0,0;0,0;0,0;0,9298111443987018;0,0;0,12087544877183125;0,0;0,12087544877183125;Reserva bateria e importa energia de red;Baja irradiacion;1;0,0
Reglas + decision avanzada;5;Edificio A;10,0;2,0;2,0;3,0;3,0;0,95;0,95;0,4;0,6547691954679575;0,0;0,15;0,06;0,0;2,0;0,0;0,0;0,0;0,0;0,0;0,6547691954679575;0,0;0,09821537932019363;0,0;0,09821537932019363;Reserva bateria e importa energia de red;Baja irradiacion;1;0,0
Reglas + decision avanzada;6;Edificio A;10,0;2,0;2,0;3,0;3,0;0,95;0,95;0,4;1,761721764632472;0,195;0,18;0,072;0,195;2,0;0,0;0,0;0,0;0,0;0,0;1,566721764632472;0,0;0,282009917633845;0,0;0,282009917633845;Reserva bateria e importa energia de red;Baja irradiacion;1;0,0
Reglas + decision avanzada;7;Edificio A;10,0;2,0;2,0;3,0;3,0;0,95;0,95;0,4;2,0858189648657346;0,52;0,22;0,08800000000000001;0,52;2,0;0,0;0,0;0,0;0,0;0,0;1,5658189648657346;0,0;0,3444801722704616;0,0;0,3444801722704616;Reserva bateria e importa energia de red;Baja irradiacion;1;0,0
Reglas + decision avanzada;8;Edificio A;10,0;2,0;2,0;3,0;3,0;0,95;0,95;0,4;2,547855864408565;0,9750000000000001;0,24;0,096;0,9750000000000001;2,0;0,0;0,0;0,0;0,0;0,0;1,5728558644085648;0,0;0,37748540745805553;0,0;0,37748540745805553;Reserva bateria e importa energia de red;Baja irradiacion;1;0,0
Reglas + decision avanzada;9;Edificio A;10,0;2,0;2,0;3,0;3,0;0,95;0,95;0,4;1,9625944436783884;1,56;0,2;0,08000000000000002;1,56;2,0;0,0;0,0;0,0;0,0;0,0;0,40259444367838837;0,0;0,08051888873567768;0,0;0,08051888873567768;Reserva bateria e importa energia de red;Baja irradiacion;1;0,0
Reglas + decision avanzada;10;Edificio A;10,0;2,0;2,0;3,0;3,0;0,95;0,95;0,4;2,0193161905567463;2,08;0,17;0,068;2,0193161905567463;2,057649618971091;0,0606838094432538;0,05764961897109111;0,0;0,0;0,00303419047216269;0,0;0,0;0,0;0,0;0,0;Carga bateria con excedente PV;Baja irradiacion;1;0,0
Reglas + decision avanzada;11;Edificio A;10,0;2,0;2,0;3,0;3,0;0,95;0,95;0,4;1,390978893575352;2,4699999999999998;0,15;0,06;1,390978893575352;3,082719670074506;1,0790211064246478;1,0250700511034154;0,0;0,0;0,053951055321232344;0,0;0,0;0,0;0,0;0,0;Carga bateria con excedente PV;Baja irradiacion;1;0,0
Reglas + decision avanzada;12;Edificio A;10,0;2,0;2,0;3,0;3,0;0,95;0,95;0,4;1,8516374193979739;2,6;0,14;0,05600000000000001;1,8516374193979739;3,793664121646431;0,7483625806020262;0,7109444515719249;0,0;0,0;0,03741812903010133;0,0;0,0;0,0;0,0;0,0;Carga bateria con excedente PV;Baja irradiacion;1;0,0
Reglas + decision avanzada;13;Edificio A;10,0;2,0;2,0;3,0;3,0;0,95;0,95;0,4;2,0423918467997377;2,4050000000000002;0,15;0,06;2,0423918467997377;4,13814186718668;0,3626081532002625;0,3444777455402494;0,0;0,0;0,018130407660013115;0,0;0,0;0,0;0,0;0,0;Carga bateria con excedente PV;Baja irradiacion;1;0,0
Reglas + decision avanzada;14;Edificio A;10,0;2,0;2,0;3,0;3,0;0,95;0,95;0,4;2,1700654163503157;1,9500000000000002;0,17;0,068;1,9500000000000002;4,13814186718668;0,0;0,0;0,0;0,0;0,0;0,2200654163503155;0,0;0,03741112077955364;0,0;0,03741112077955364;Reserva bateria e importa energia de red;Baja irradiacion;1;0,0
Reglas + decision avanzada;15;Edificio A;10,0;2,0;2,0;3,0;3,0;0,95;0,95;0,4;1,6350163099028954;1,3650000000000002;0,2;0,08000000000000002;1,3650000000000002;4,13814186718668;0,0;0,0;0,0;0,0;0,0;0,27001630990289516;0,0;0,05400326198057903;0,0;0,05400326198057903;Reserva bateria e importa energia de red;Baja irradiacion;1;0,0
Reglas + decision avanzada;16;Edificio A;10,0;2,0;2,0;3,0;3,0;0,95;0,95;0,4;2,1741357688674348;0,78;0,23;0,09200000000000001;0,78;2,6706305315367485;0,0;0,0;1,3941357688674347;1,4675113356499314;0,07337556678249668;0,0;0,0;0,0;0,0;0,0;Descarga bateria por apoyo avanzado a la decision;Baja irradiacion;1;0,0
Reglas + decision avanzada;17;Edificio A;10,0;2,0;2,0;3,0;3,0;0,95;0,95;0,4;2,868321237311794;0,26;0,28;0,11200000000000002;0,26;2,0;0,0;0,0;0,637099004959911;0,6706305315367485;0,033531526576837445;1,9712222323518833;0,0;0,5519422250585274;0,0;0,5519422250585274;Descarga bateria por apoyo avanzado a la decision;Baja irradiacion;1;0,0
Reglas + decision avanzada;18;Edificio A;10,0;2,0;2,0;3,0;3,0;0,95;0,95;0,4;3,506332062007339;0,0;0,3;0,12;0,0;2,0;0,0;0,0;0,0;0,0;0,0;3,506332062007339;0,0;1,0518996186022016;0,0;1,0518996186022016;Reserva bateria e importa energia de red;Baja irradiacion;1;0,0
Reglas + decision avanzada;19;Edificio A;10,0;2,0;2,0;3,0;3,0;0,95;0,95;0,4;3,2874222820573733;0,0;0,27;0,10800000000000001;0,0;2,0;0,0;0,0;0,0;0,0;0,0;3,2874222820573733;0,0;0,8876040161554909;0,0;0,8876040161554909;Reserva bateria e importa energia de red;Baja irradiacion;1;0,0
Reglas + decision avanzada;20;Edificio A;10,0;2,0;2,0;3,0;3,0;0,95;0,95;0,4;2,6349071234180617;0,0;0,24;0,096;0,0;2,0;0,0;0,0;0,0;0,0;0,0;2,6349071234180617;0,0;0,6323777096203348;0,0;0,6323777096203348;Reserva bateria e importa energia de red;Baja irradiacion;1;0,0
Reglas + decision avanzada;21;Edificio A;10,0;2,0;2,0;3,0;3,0;0,95;0,95;0,4;2,471708556475942;0,0;0,2;0,08000000000000002;0,0;2,0;0,0;0,0;0,0;0,0;0,0;2,471708556475942;0,0;0,4943417112951884;0,0;0,4943417112951884;Reserva bateria e importa energia de red;Baja irradiacion;1;0,0
Reglas + decision avanzada;22;Edificio A;10,0;2,0;2,0;3,0;3,0;0,95;0,95;0,4;1,9352386080889195;0,0;0,17;0,068;0,0;2,0;0,0;0,0;0,0;0,0;0,0;1,9352386080889195;0,0;0,32899056337511634;0,0;0,32899056337511634;Reserva bateria e importa energia de red;Baja irradiacion;1;0,0
Reglas + decision avanzada;23;Edificio A;10,0;2,0;2,0;3,0;3,0;0,95;0,95;0,4;1,4753741508352802;0,0;0,15;0,06;0,0;2,0;0,0;0,0;0,0;0,0;0,0;1,4753741508352802;0,0;0,22130612262529203;0,0;0,22130612262529203;Reserva bateria e importa energia de red;Baja irradiacion;1;0,0
Reglas + decision avanzada;0;Edificio B;8,0;1,6;1,6;2,5;2,5;0,95;0,95;0,4;1,1374863228891794;0,0;0,14;0,05600000000000001;0,0;1,6;0,0;0,0;0,0;0,0;0,0;1,1374863228891794;0,0;0,15924808520448513;0,0;0,15924808520448513;Reserva bateria e importa energia de red;Baja irradiacion;1;0,0
Reglas + decision avanzada;1;Edificio B;8,0;1,6;1,6;2,5;2,5;0,95;0,95;0,4;0,9915599759160506;0,0;0,13;0,052000000000000005;0,0;1,6;0,0;0,0;0,0;0,0;0,0;0,9915599759160506;0,0;0,1289027968690866;0,0;0,1289027968690866;Reserva bateria e importa energia de red;Baja irradiacion;1;0,0
Reglas + decision avanzada;2;Edificio B;8,0;1,6;1,6;2,5;2,5;0,95;0,95;0,4;0,579570585649732;0,0;0,12;0,048;0,0;1,6;0,0;0,0;0,0;0,0;0,0;0,579570585649732;0,0;0,06954847027796783;0,0;0,06954847027796783;Reserva bateria e importa energia de red;Baja irradiacion;1;0,0
Reglas + decision avanzada;3;Edificio B;8,0;1,6;1,6;2,5;2,5;0,95;0,95;0,4;1,0460406212607483;0,0;0,12;0,048;0,0;1,6;0,0;0,0;0,0;0,0;0,0;1,0460406212607483;0,0;0,1255248745512898;0,0;0,1255248745512898;Reserva bateria e importa energia de red;Baja irradiacion;1;0,0
Reglas + decision avanzada;4;Edificio B;8,0;1,6;1,6;2,5;2,5;0,95;0,95;0,4;0,5309846622207706;0,0;0,13;0,052000000000000005;0,0;1,6;0,0;0,0;0,0;0,0;0,0;0,5309846622207706;0,0;0,06902800608870018;0,0;0,06902800608870018;Reserva bateria e importa energia de red;Baja irradiacion;1;0,0
Reglas + decision avanzada;5;Edificio B;8,0;1,6;1,6;2,5;2,5;0,95;0,95;0,4;0,8737378951515694;0,0;0,15;0,06;0,0;1,6;0,0;0,0;0,0;0,0;0,0;0,8737378951515694;0,0;0,1310606842727354;0,0;0,1310606842727354;Reserva bateria e importa energia de red;Baja irradiacion;1;0,0
Reglas + decision avanzada;6;Edificio B;8,0;1,6;1,6;2,5;2,5;0,95;0,95;0,4;1,5754322125737064;0,195;0,18;0,072;0,195;1,6;0,0;0,0;0,0;0,0;0,0;1,3804322125737063;0,0;0,24847779826326713;0,0;0,24847779826326713;Reserva bateria e importa energia de red;Baja irradiacion;1;0,0
Reglas + decision avanzada;7;Edificio B;8,0;1,6;1,6;2,5;2,5;0,95;0,95;0,4;2,0132067870089156;0,52;0,22;0,08800000000000001;0,52;1,6;0,0;0,0;0,0;0,0;0,0;1,4932067870089156;0,0;0,3285054931419614;0,0;0,3285054931419614;Reserva bateria e importa energia de red;Baja irradiacion;1;0,0
Reglas + decision avanzada;8;Edificio B;8,0;1,6;1,6;2,5;2,5;0,95;0,95;0,4;2,3413071671706494;0,9750000000000001;0,24;0,096;0,9750000000000001;1,6;0,0;0,0;0,0;0,0;0,0;1,3663071671706493;0,0;0,3279137201209558;0,0;0,3279137201209558;Reserva bateria e importa energia de red;Baja irradiacion;1;0,0
Reglas + decision avanzada;9;Edificio B;8,0;1,6;1,6;2,5;2,5;0,95;0,95;0,4;1,8636488577609727;1,56;0,2;0,08000000000000002;1,56;1,6;0,0;0,0;0,0;0,0;0,0;0,3036488577609726;0,0;0,06072977155219453;0,0;0,06072977155219453;Reserva bateria e importa energia de red;Baja irradiacion;1;0,0
Reglas + decision avanzada;10;Edificio B;8,0;1,6;1,6;2,5;2,5;0,95;0,95;0,4;1,8827181066819636;2,08;0,17;0,068;1,8827181066819636;1,7874177986521347;0,19728189331803647;0,18741779865213465;0,0;0,0;0,009864094665901824;0,0;0,0;0,0;0,0;0,0;Carga bateria con excedente PV;Baja irradiacion;1;0,0
Reglas + decision avanzada;11;Edificio B;8,0;1,6;1,6;2,5;2,5;0,95;0,95;0,4;2,0438312019222438;2,4699999999999998;0,15;0,06;2,0438312019222438;2,192278156826003;0,426168798077756;0,4048603581738682;0,0;0,0;0,02130843990388781;0,0;0,0;0,0;0,0;0,0;Carga bateria con excedente PV;Baja irradiacion;1;0,0
Reglas + decision avanzada;12;Edificio B;8,0;1,6;1,6;2,5;2,5;0,95;0,95;0,4;1,9062309089497604;2,6;0,14;0,05600000000000001;1,9062309089497604;2,8513587933237305;0,6937690910502397;0,6590806364977276;0,0;0,0;0,034688454552512016;0,0;0,0;0,0;0,0;0,0;Carga bateria con excedente PV;Baja irradiacion;1;0,0
Reglas + decision avanzada;13;Edificio B;8,0;1,6;1,6;2,5;2,5;0,95;0,95;0,4;1,9323111832329727;2,4050000000000002;0,15;0,06;1,9323111832329727;3,3004131692524066;0,47268881676702756;0,44905437592867614;0,0;0,0;0,023634440838351423;0,0;0,0;0,0;0,0;0,0;Carga bateria con excedente PV;Baja irradiacion;1;0,0
Reglas + decision avanzada;14;Edificio B;8,0;1,6;1,6;2,5;2,5;0,95;0,95;0,4;2,080858748087118;1,9500000000000002;0,17;0,068;1,9500000000000002;3,3004131692524066;0,0;0,0;0,0;0,0;0,0;0,13085874808711795;0,0;0,022245987174810054;0,0;0,022245987174810054;Reserva bateria e importa energia de red;Baja irradiacion;1;0,0
Reglas + decision avanzada;15;Edificio B;8,0;1,6;1,6;2,5;2,5;0,95;0,95;0,4;1,71057604502903;1,3650000000000002;0,2;0,08000000000000002;1,3650000000000002;3,3004131692524066;0,0;0,0;0,0;0,0;0,0;0,3455760450290297;0,0;0,06911520900580595;0,0;0,06911520900580595;Reserva bateria e importa energia de red;Baja irradiacion;1;0,0
Reglas + decision avanzada;16;Edificio B;8,0;1,6;1,6;2,5;2,5;0,95;0,95;0,4;2,1971304255218276;0,78;0,23;0,09200000000000001;0,78;1,808696931861009;0,0;0,0;1,4171304255218276;1,4917162373913975;0,07458581186956992;0,0;0,0;0,0;0,0;0,0;Descarga bateria por apoyo avanzado a la decision;Baja irradiacion;1;0,0
Reglas + decision avanzada;17;Edificio B;8,0;1,6;1,6;2,5;2,5;0,95;0,95;0,4;3,1762501829250436;0,26;0,28;0,11200000000000002;0,26;1,6;0,0;0,0;0,19826208526795855;0,20869693186100902;0,010434846593050467;2,717988097657085;0,0;0,7610366673439839;0,0;0,7610366673439839;Descarga bateria por apoyo avanzado a la decision;Baja irradiacion;1;0,0
Reglas + decision avanzada;18;Edificio B;8,0;1,6;1,6;2,5;2,5;0,95;0,95;0,4;3,387819357605921;0,0;0,3;0,12;0,0;1,6;0,0;0,0;0,0;0,0;0,0;3,387819357605921;0,0;1,0163458072817761;0,0;1,0163458072817761;Reserva bateria e importa energia de red;Baja irradiacion;1;0,0
Reglas + decision avanzada;19;Edificio B;8,0;1,6;1,6;2,5;2,5;0,95;0,95;0,4;3,2013537876459988;0,0;0,27;0,10800000000000001;0,0;1,6;0,0;0,0;0,0;0,0;0,0;3,2013537876459988;0,0;0,8643655226644197;0,0;0,8643655226644197;Reserva bateria e importa energia de red;Baja irradiacion;1;0,0
Reglas + decision avanzada;20;Edificio B;8,0;1,6;1,6;2,5;2,5;0,95;0,95;0,4;2,6682838160139486;0,0;0,24;0,096;0,0;1,6;0,0;0,0;0,0;0,0;0,0;2,6682838160139486;0,0;0,6403881158433476;0,0;0,6403881158433476;Reserva bateria e importa energia de red;Baja irradiacion;1;0,0
Reglas + decision avanzada;21;Edificio B;8,0;1,6;1,6;2,5;2,5;0,95;0,95;0,4;2,2765348744423064;0,0;0,2;0,08000000000000002;0,0;1,6;0,0;0,0;0,0;0,0;0,0;2,2765348744423064;0,0;0,4553069748884613;0,0;0,4553069748884613;Reserva bateria e importa energia de red;Baja irradiacion;1;0,0
Reglas + decision avanzada;22;Edificio B;8,0;1,6;1,6;2,5;2,5;0,95;0,95;0,4;1,8384855678001943;0,0;0,17;0,068;0,0;1,6;0,0;0,0;0,0;0,0;0,0;1,8384855678001943;0,0;0,3125425465260331;0,0;0,3125425465260331;Reserva bateria e importa energia de red;Baja irradiacion;1;0,0
Reglas + decision avanzada;23;Edificio B;8,0;1,6;1,6;2,5;2,5;0,95;0,95;0,4;1,2516831426845567;0,0;0,15;0,06;0,0;1,6;0,0;0,0;0,0;0,0;0,0;1,2516831426845567;0,0;0,1877524714026835;0,0;0,1877524714026835;Reserva bateria e importa energia de red;Baja irradiacion;1;0,0
Sin control;0;Edificio A;10,0;2,0;2,0;3,0;3,0;0,95;0,95;0,4;1,4436518045494862;0,0;0,17500000000000002;0,07;0,0;2,0;0,0;0,0;0,0;0,0;0,0;1,4436518045494862;0,0;0,2526390657961601;0,0;0,2526390657961601;Uso directo de PV e importacion/exportacion de red;Precios elevados;1;0,0
Sin control;1;Edificio A;10,0;2,0;2,0;3,0;3,0;0,95;0,95;0,4;0,9082365379524887;0,0;0,1625;0,065;0,0;2,0;0,0;0,0;0,0;0,0;0,0;0,9082365379524887;0,0;0,14758843741727942;0,0;0,14758843741727942;Uso directo de PV e importacion/exportacion de red;Precios elevados;1;0,0
Sin control;2;Edificio A;10,0;2,0;2,0;3,0;3,0;0,95;0,95;0,4;0,8207742371604817;0,0;0,15;0,06;0,0;2,0;0,0;0,0;0,0;0,0;0,0;0,8207742371604817;0,0;0,12311613557407225;0,0;0,12311613557407225;Uso directo de PV e importacion/exportacion de red;Precios elevados;1;0,0
Sin control;3;Edificio A;10,0;2,0;2,0;3,0;3,0;0,95;0,95;0,4;0,6390547066765745;0,0;0,15;0,06;0,0;2,0;0,0;0,0;0,0;0,0;0,0;0,6390547066765745;0,0;0,09585820600148617;0,0;0,09585820600148617;Uso directo de PV e importacion/exportacion de red;Precios elevados;1;0,0
Sin control;4;Edificio A;10,0;2,0;2,0;3,0;3,0;0,95;0,95;0,4;0,9298111443987018;0,0;0,1625;0,065;0,0;2,0;0,0;0,0;0,0;0,0;0,0;0,9298111443987018;0,0;0,15109431096478906;0,0;0,15109431096478906;Uso directo de PV e importacion/exportacion de red;Precios elevados;1;0,0
Sin control;5;Edificio A;10,0;2,0;2,0;3,0;3,0;0,95;0,95;0,4;0,6547691954679575;0,0;0,1875;0,07500000000000001;0,0;2,0;0,0;0,0;0,0;0,0;0,0;0,6547691954679575;0,0;0,12276922415024204;0,0;0,12276922415024204;Uso directo de PV e importacion/exportacion de red;Precios elevados;1;0,0
Sin control;6;Edificio A;10,0;2,0;2,0;3,0;3,0;0,95;0,95;0,4;1,761721764632472;0,3;0,22499999999999998;0,09;0,3;2,0;0,0;0,0;0,0;0,0;0,0;1,461721764632472;0,0;0,3288873970423062;0,0;0,3288873970423062;Uso directo de PV e importacion/exportacion de red;Precios elevados;1;0,0
Sin control;7;Edificio A;10,0;2,0;2,0;3,0;3,0;0,95;0,95;0,4;2,0858189648657346;0,8;0,275;0,11000000000000001;0,8;2,0;0,0;0,0;0,0;0,0;0,0;1,2858189648657345;0,0;0,353600215338077;0,0;0,353600215338077;Uso directo de PV e importacion/exportacion de red;Precios elevados;1;0,0
Sin control;8;Edificio A;10,0;2,0;2,0;3,0;3,0;0,95;0,95;0,4;2,547855864408565;1,5;0,3;0,12;1,5;2,0;0,0;0,0;0,0;0,0;0,0;1,047855864408565;0,0;0,31435675932256946;0,0;0,31435675932256946;Uso directo de PV e importacion/exportacion de red;Precios elevados;1;0,0
Sin control;9;Edificio A;10,0;2,0;2,0;3,0;3,0;0,95;0,95;0,4;1,9625944436783884;2,4;0,25;0,1;1,9625944436783884;2,0;0,0;0,0;0,0;0,0;0,0;0,0;0,4374055563216115;0,0;0,04374055563216115;-0,04374055563216115;Uso directo de PV e importacion/exportacion de red;Precios elevados;1;0,0
Sin control;10;Edificio A;10,0;2,0;2,0;3,0;3,0;0,95;0,95;0,4;2,0193161905567463;3,2;0,21250000000000002;0,08500000000000002;2,0193161905567463;2,0;0,0;0,0;0,0;0,0;0,0;0,0;1,180683809443254;0,0;0,1003581238026766;-0,1003581238026766;Uso directo de PV e importacion/exportacion de red;Precios elevados;1;0,0
Sin control;11;Edificio A;10,0;2,0;2,0;3,0;3,0;0,95;0,95;0,4;1,390978893575352;3,8;0,1875;0,07500000000000001;1,390978893575352;2,0;0,0;0,0;0,0;0,0;0,0;0,0;2,409021106424648;0,0;0,1806765829818486;-0,1806765829818486;Uso directo de PV e importacion/exportacion de red;Precios elevados;1;0,0
Sin control;12;Edificio A;10,0;2,0;2,0;3,0;3,0;0,95;0,95;0,4;1,8516374193979739;4,0;0,17500000000000002;0,07;1,8516374193979739;2,0;0,0;0,0;0,0;0,0;0,0;0,0;2,148362580602026;0,0;0,15038538064214185;-0,15038538064214185;Uso directo de PV e importacion/exportacion de red;Precios elevados;1;0,0
Sin control;13;Edificio A;10,0;2,0;2,0;3,0;3,0;0,95;0,95;0,4;2,0423918467997377;3,7;0,1875;0,07500000000000001;2,0423918467997377;2,0;0,0;0,0;0,0;0,0;0,0;0,0;1,6576081532002624;0,0;0,1243206114900197;-0,1243206114900197;Uso directo de PV e importacion/exportacion de red;Precios elevados;1;0,0
Sin control;14;Edificio A;10,0;2,0;2,0;3,0;3,0;0,95;0,95;0,4;2,1700654163503157;3,0;0,21250000000000002;0,08500000000000002;2,1700654163503157;2,0;0,0;0,0;0,0;0,0;0,0;0,0;0,8299345836496843;0,0;0,07054443961022318;-0,07054443961022318;Uso directo de PV e importacion/exportacion de red;Precios elevados;1;0,0
Sin control;15;Edificio A;10,0;2,0;2,0;3,0;3,0;0,95;0,95;0,4;1,6350163099028954;2,1;0,25;0,1;1,6350163099028954;2,0;0,0;0,0;0,0;0,0;0,0;0,0;0,4649836900971047;0,0;0,04649836900971047;-0,04649836900971047;Uso directo de PV e importacion/exportacion de red;Precios elevados;1;0,0
Sin control;16;Edificio A;10,0;2,0;2,0;3,0;3,0;0,95;0,95;0,4;2,1741357688674348;1,2;0,28750000000000003;0,11500000000000002;1,2;2,0;0,0;0,0;0,0;0,0;0,0;0,9741357688674348;0,0;0,2800640335493875;0,0;0,2800640335493875;Uso directo de PV e importacion/exportacion de red;Precios elevados;1;0,0
Sin control;17;Edificio A;10,0;2,0;2,0;3,0;3,0;0,95;0,95;0,4;2,868321237311794;0,4;0,35000000000000003;0,14;0,4;2,0;0,0;0,0;0,0;0,0;0,0;2,468321237311794;0,0;0,863912433059128;0,0;0,863912433059128;Uso directo de PV e importacion/exportacion de red;Precios elevados;1;0,0
Sin control;18;Edificio A;10,0;2,0;2,0;3,0;3,0;0,95;0,95;0,4;3,506332062007339;0,0;0,375;0,15000000000000002;0,0;2,0;0,0;0,0;0,0;0,0;0,0;3,506332062007339;0,0;1,3148745232527521;0,0;1,3148745232527521;Uso directo de PV e importacion/exportacion de red;Precios elevados;1;0,0
Sin control;19;Edificio A;10,0;2,0;2,0;3,0;3,0;0,95;0,95;0,4;3,2874222820573733;0,0;0,3375;0,135;0,0;2,0;0,0;0,0;0,0;0,0;0,0;3,2874222820573733;0,0;1,1095050201943635;0,0;1,1095050201943635;Uso directo de PV e importacion/exportacion de red;Precios elevados;1;0,0
Sin control;20;Edificio A;10,0;2,0;2,0;3,0;3,0;0,95;0,95;0,4;2,6349071234180617;0,0;0,3;0,12;0,0;2,0;0,0;0,0;0,0;0,0;0,0;2,6349071234180617;0,0;0,7904721370254185;0,0;0,7904721370254185;Uso directo de PV e importacion/exportacion de red;Precios elevados;1;0,0
Sin control;21;Edificio A;10,0;2,0;2,0;3,0;3,0;0,95;0,95;0,4;2,471708556475942;0,0;0,25;0,1;0,0;2,0;0,0;0,0;0,0;0,0;0,0;2,471708556475942;0,0;0,6179271391189854;0,0;0,6179271391189854;Uso directo de PV e importacion/exportacion de red;Precios elevados;1;0,0
Sin control;22;Edificio A;10,0;2,0;2,0;3,0;3,0;0,95;0,95;0,4;1,9352386080889195;0,0;0,21250000000000002;0,08500000000000002;0,0;2,0;0,0;0,0;0,0;0,0;0,0;1,9352386080889195;0,0;0,41123820421889545;0,0;0,41123820421889545;Uso directo de PV e importacion/exportacion de red;Precios elevados;1;0,0
Sin control;23;Edificio A;10,0;2,0;2,0;3,0;3,0;0,95;0,95;0,4;1,4753741508352802;0,0;0,1875;0,07500000000000001;0,0;2,0;0,0;0,0;0,0;0,0;0,0;1,4753741508352802;0,0;0,276632653281615;0,0;0,276632653281615;Uso directo de PV e importacion/exportacion de red;Precios elevados;1;0,0
Sin control;0;Edificio B;8,0;1,6;1,6;2,5;2,5;0,95;0,95;0,4;1,1374863228891794;0,0;0,17500000000000002;0,07;0,0;1,6;0,0;0,0;0,0;0,0;0,0;1,1374863228891794;0,0;0,1990601065056064;0,0;0,1990601065056064;Uso directo de PV e importacion/exportacion de red;Precios elevados;1;0,0
Sin control;1;Edificio B;8,0;1,6;1,6;2,5;2,5;0,95;0,95;0,4;0,9915599759160506;0,0;0,1625;0,065;0,0;1,6;0,0;0,0;0,0;0,0;0,0;0,9915599759160506;0,0;0,16112849608635824;0,0;0,16112849608635824;Uso directo de PV e importacion/exportacion de red;Precios elevados;1;0,0
Sin control;2;Edificio B;8,0;1,6;1,6;2,5;2,5;0,95;0,95;0,4;0,579570585649732;0,0;0,15;0,06;0,0;1,6;0,0;0,0;0,0;0,0;0,0;0,579570585649732;0,0;0,08693558784745979;0,0;0,08693558784745979;Uso directo de PV e importacion/exportacion de red;Precios elevados;1;0,0
Sin control;3;Edificio B;8,0;1,6;1,6;2,5;2,5;0,95;0,95;0,4;1,0460406212607483;0,0;0,15;0,06;0,0;1,6;0,0;0,0;0,0;0,0;0,0;1,0460406212607483;0,0;0,15690609318911222;0,0;0,15690609318911222;Uso directo de PV e importacion/exportacion de red;Precios elevados;1;0,0
Sin control;4;Edificio B;8,0;1,6;1,6;2,5;2,5;0,95;0,95;0,4;0,5309846622207706;0,0;0,1625;0,065;0,0;1,6;0,0;0,0;0,0;0,0;0,0;0,5309846622207706;0,0;0,08628500761087522;0,0;0,08628500761087522;Uso directo de PV e importacion/exportacion de red;Precios elevados;1;0,0
Sin control;5;Edificio B;8,0;1,6;1,6;2,5;2,5;0,95;0,95;0,4;0,8737378951515694;0,0;0,1875;0,07500000000000001;0,0;1,6;0,0;0,0;0,0;0,0;0,0;0,8737378951515694;0,0;0,16382585534091926;0,0;0,16382585534091926;Uso directo de PV e importacion/exportacion de red;Precios elevados;1;0,0
Sin control;6;Edificio B;8,0;1,6;1,6;2,5;2,5;0,95;0,95;0,4;1,5754322125737064;0,3;0,22499999999999998;0,09;0,3;1,6;0,0;0,0;0,0;0,0;0,0;1,2754322125737063;0,0;0,28697224782908387;0,0;0,28697224782908387;Uso directo de PV e importacion/exportacion de red;Precios elevados;1;0,0
Sin control;7;Edificio B;8,0;1,6;1,6;2,5;2,5;0,95;0,95;0,4;2,0132067870089156;0,8;0,275;0,11000000000000001;0,8;1,6;0,0;0,0;0,0;0,0;0,0;1,2132067870089156;0,0;0,3336318664274518;0,0;0,3336318664274518;Uso directo de PV e importacion/exportacion de red;Precios elevados;1;0,0
Sin control;8;Edificio B;8,0;1,6;1,6;2,5;2,5;0,95;0,95;0,4;2,3413071671706494;1,5;0,3;0,12;1,5;1,6;0,0;0,0;0,0;0,0;0,0;0,8413071671706494;0,0;0,2523921501511948;0,0;0,2523921501511948;Uso directo de PV e importacion/exportacion de red;Precios elevados;1;0,0
Sin control;9;Edificio B;8,0;1,6;1,6;2,5;2,5;0,95;0,95;0,4;1,8636488577609727;2,4;0,25;0,1;1,8636488577609727;1,6;0,0;0,0;0,0;0,0;0,0;0,0;0,5363511422390272;0,0;0,05363511422390273;-0,05363511422390273;Uso directo de PV e importacion/exportacion de red;Precios elevados;1;0,0
Sin control;10;Edificio B;8,0;1,6;1,6;2,5;2,5;0,95;0,95;0,4;1,8827181066819636;3,2;0,21250000000000002;0,08500000000000002;1,8827181066819636;1,6;0,0;0,0;0,0;0,0;0,0;0,0;1,3172818933180366;0,0;0,11196896093203314;-0,11196896093203314;Uso directo de PV e importacion/exportacion de red;Precios elevados;1;0,0
Sin control;11;Edificio B;8,0;1,6;1,6;2,5;2,5;0,95;0,95;0,4;2,0438312019222438;3,8;0,1875;0,07500000000000001;2,0438312019222438;1,6;0,0;0,0;0,0;0,0;0,0;0,0;1,756168798077756;0,0;0,13171265985583172;-0,13171265985583172;Uso directo de PV e importacion/exportacion de red;Precios elevados;1;0,0
Sin control;12;Edificio B;8,0;1,6;1,6;2,5;2,5;0,95;0,95;0,4;1,9062309089497604;4,0;0,17500000000000002;0,07;1,9062309089497604;1,6;0,0;0,0;0,0;0,0;0,0;0,0;2,0937690910502393;0,0;0,14656383637351678;-0,14656383637351678;Uso directo de PV e importacion/exportacion de red;Precios elevados;1;0,0
Sin control;13;Edificio B;8,0;1,6;1,6;2,5;2,5;0,95;0,95;0,4;1,9323111832329727;3,7;0,1875;0,07500000000000001;1,9323111832329727;1,6;0,0;0,0;0,0;0,0;0,0;0,0;1,7676888167670275;0,0;0,1325766612575271;-0,1325766612575271;Uso directo de PV e importacion/exportacion de red;Precios elevados;1;0,0
Sin control;14;Edificio B;8,0;1,6;1,6;2,5;2,5;0,95;0,95;0,4;2,080858748087118;3,0;0,21250000000000002;0,08500000000000002;2,080858748087118;1,6;0,0;0,0;0,0;0,0;0,0;0,0;0,9191412519128819;0,0;0,07812700641259497;-0,07812700641259497;Uso directo de PV e importacion/exportacion de red;Precios elevados;1;0,0
Sin control;15;Edificio B;8,0;1,6;1,6;2,5;2,5;0,95;0,95;0,4;1,71057604502903;2,1;0,25;0,1;1,71057604502903;1,6;0,0;0,0;0,0;0,0;0,0;0,0;0,38942395497097015;0,0;0,03894239549709702;-0,03894239549709702;Uso directo de PV e importacion/exportacion de red;Precios elevados;1;0,0
Sin control;16;Edificio B;8,0;1,6;1,6;2,5;2,5;0,95;0,95;0,4;2,1971304255218276;1,2;0,28750000000000003;0,11500000000000002;1,2;1,6;0,0;0,0;0,0;0,0;0,0;0,9971304255218276;0,0;0,2866749973375255;0,0;0,2866749973375255;Uso directo de PV e importacion/exportacion de red;Precios elevados;1;0,0
Sin control;17;Edificio B;8,0;1,6;1,6;2,5;2,5;0,95;0,95;0,4;3,1762501829250436;0,4;0,35000000000000003;0,14;0,4;1,6;0,0;0,0;0,0;0,0;0,0;2,7762501829250437;0,0;0,9716875640237653;0,0;0,9716875640237653;Uso directo de PV e importacion/exportacion de red;Precios elevados;1;0,0
Sin control;18;Edificio B;8,0;1,6;1,6;2,5;2,5;0,95;0,95;0,4;3,387819357605921;0,0;0,375;0,15000000000000002;0,0;1,6;0,0;0,0;0,0;0,0;0,0;3,387819357605921;0,0;1,2704322591022204;0,0;1,2704322591022204;Uso directo de PV e importacion/exportacion de red;Precios elevados;1;0,0
Sin control;19;Edificio B;8,0;1,6;1,6;2,5;2,5;0,95;0,95;0,4;3,2013537876459988;0,0;0,3375;0,135;0,0;1,6;0,0;0,0;0,0;0,0;0,0;3,2013537876459988;0,0;1,0804569033305247;0,0;1,0804569033305247;Uso directo de PV e importacion/exportacion de red;Precios elevados;1;0,0
Sin control;20;Edificio B;8,0;1,6;1,6;2,5;2,5;0,95;0,95;0,4;2,6682838160139486;0,0;0,3;0,12;0,0;1,6;0,0;0,0;0,0;0,0;0,0;2,6682838160139486;0,0;0,8004851448041845;0,0;0,8004851448041845;Uso directo de PV e importacion/exportacion de red;Precios elevados;1;0,0
Sin control;21;Edificio B;8,0;1,6;1,6;2,5;2,5;0,95;0,95;0,4;2,2765348744423064;0,0;0,25;0,1;0,0;1,6;0,0;0,0;0,0;0,0;0,0;2,2765348744423064;0,0;0,5691337186105766;0,0;0,5691337186105766;Uso directo de PV e importacion/exportacion de red;Precios elevados;1;0,0
Sin control;22;Edificio B;8,0;1,6;1,6;2,5;2,5;0,95;0,95;0,4;1,8384855678001943;0,0;0,21250000000000002;0,08500000000000002;0,0;1,6;0,0;0,0;0,0;0,0;0,0;1,8384855678001943;0,0;0,3906781831575413;0,0;0,3906781831575413;Uso directo de PV e importacion/exportacion de red;Precios elevados;1;0,0
Sin control;23;Edificio B;8,0;1,6;1,6;2,5;2,5;0,95;0,95;0,4;1,2516831426845567;0,0;0,1875;0,07500000000000001;0,0;1,6;0,0;0,0;0,0;0,0;0,0;1,2516831426845567;0,0;0,2346905892533544;0,0;0,2346905892533544;Uso directo de PV e importacion/exportacion de red;Precios elevados;1;0,0
Reglas;0;Edificio A;10,0;2,0;2,0;3,0;3,0;0,95;0,95;0,4;1,4436518045494862;0,0;0,17500000000000002;0,07;0,0;2,0;0,0;0,0;0,0;0,0;0,0;1,4436518045494862;0,0;0,2526390657961601;0,0;0,2526390657961601;Importa energia de red;Precios elevados;1;0,0
Reglas;1;Edificio A;10,0;2,0;2,0;3,0;3,0;0,95;0,95;0,4;0,9082365379524887;0,0;0,1625;0,065;0,0;2,0;0,0;0,0;0,0;0,0;0,0;0,9082365379524887;0,0;0,14758843741727942;0,0;0,14758843741727942;Importa energia de red;Precios elevados;1;0,0
Reglas;2;Edificio A;10,0;2,0;2,0;3,0;3,0;0,95;0,95;0,4;0,8207742371604817;0,0;0,15;0,06;0,0;2,0;0,0;0,0;0,0;0,0;0,0;0,8207742371604817;0,0;0,12311613557407225;0,0;0,12311613557407225;Importa energia de red;Precios elevados;1;0,0
Reglas;3;Edificio A;10,0;2,0;2,0;3,0;3,0;0,95;0,95;0,4;0,6390547066765745;0,0;0,15;0,06;0,0;2,0;0,0;0,0;0,0;0,0;0,0;0,6390547066765745;0,0;0,09585820600148617;0,0;0,09585820600148617;Importa energia de red;Precios elevados;1;0,0
Reglas;4;Edificio A;10,0;2,0;2,0;3,0;3,0;0,95;0,95;0,4;0,9298111443987018;0,0;0,1625;0,065;0,0;2,0;0,0;0,0;0,0;0,0;0,0;0,9298111443987018;0,0;0,15109431096478906;0,0;0,15109431096478906;Importa energia de red;Precios elevados;1;0,0
Reglas;5;Edificio A;10,0;2,0;2,0;3,0;3,0;0,95;0,95;0,4;0,6547691954679575;0,0;0,1875;0,07500000000000001;0,0;2,0;0,0;0,0;0,0;0,0;0,0;0,6547691954679575;0,0;0,12276922415024204;0,0;0,12276922415024204;Importa energia de red;Precios elevados;1;0,0
Reglas;6;Edificio A;10,0;2,0;2,0;3,0;3,0;0,95;0,95;0,4;1,761721764632472;0,3;0,22499999999999998;0,09;0,3;2,0;0,0;0,0;0,0;0,0;0,0;1,461721764632472;0,0;0,3288873970423062;0,0;0,3288873970423062;Importa energia de red;Precios elevados;1;0,0
Reglas;7;Edificio A;10,0;2,0;2,0;3,0;3,0;0,95;0,95;0,4;2,0858189648657346;0,8;0,275;0,11000000000000001;0,8;2,0;0,0;0,0;0,0;0,0;0,0;1,2858189648657345;0,0;0,353600215338077;0,0;0,353600215338077;Importa energia de red;Precios elevados;1;0,0
Reglas;8;Edificio A;10,0;2,0;2,0;3,0;3,0;0,95;0,95;0,4;2,547855864408565;1,5;0,3;0,12;1,5;2,0;0,0;0,0;0,0;0,0;0,0;1,047855864408565;0,0;0,31435675932256946;0,0;0,31435675932256946;Importa energia de red;Precios elevados;1;0,0
Reglas;9;Edificio A;10,0;2,0;2,0;3,0;3,0;0,95;0,95;0,4;1,9625944436783884;2,4;0,25;0,1;1,9625944436783884;2,415535278505531;0,4374055563216115;0,4155352785055309;0,0;0,0;0,021870277816080586;0,0;0,0;0,0;0,0;0,0;Carga bateria con excedente PV;Precios elevados;1;0,0
Reglas;10;Edificio A;10,0;2,0;2,0;3,0;3,0;0,95;0,95;0,4;2,0193161905567463;3,2;0,21250000000000002;0,08500000000000002;2,0193161905567463;3,537184897476622;1,180683809443254;1,1216496189710912;0,0;0,0;0,05903419047216274;0,0;0,0;0,0;0,0;0,0;Carga bateria con excedente PV;Precios elevados;1;0,0
Reglas;11;Edificio A;10,0;2,0;2,0;3,0;3,0;0,95;0,95;0,4;1,390978893575352;3,8;0,1875;0,07500000000000001;1,390978893575352;5,8257549485800375;2,409021106424648;2,2885700511034153;0,0;0,0;0,12045105532123257;0,0;0,0;0,0;0,0;0,0;Carga bateria con excedente PV;Precios elevados;1;0,0
Reglas;12;Edificio A;10,0;2,0;2,0;3,0;3,0;0,95;0,95;0,4;1,8516374193979739;4,0;0,17500000000000002;0,07;1,8516374193979739;7,866699400151962;2,148362580602026;2,040944451571925;0,0;0,0;0,10741812903010128;0,0;0,0;0,0;0,0;0,0;Carga bateria con excedente PV;Precios elevados;1;0,0
Reglas;13;Edificio A;10,0;2,0;2,0;3,0;3,0;0,95;0,95;0,4;2,0423918467997377;3,7;0,1875;0,07500000000000001;2,0423918467997377;9,441427145692211;1,6576081532002624;1,5747277455402493;0,0;0,0;0,08288040766001314;0,0;0,0;0,0;0,0;0,0;Carga bateria con excedente PV;Precios elevados;1;0,0
Reglas;14;Edificio A;10,0;2,0;2,0;3,0;3,0;0,95;0,95;0,4;2,1700654163503157;3,0;0,21250000000000002;0,08500000000000002;2,1700654163503157;10,0;0,5879714255871461;0,5585728543077888;0,0;0,0;0,0293985712793573;0,0;0,2419631580625382;0,0;0,020566868435315754;-0,020566868435315754;Carga bateria con excedente PV;Precios elevados;1;0,0
Reglas;15;Edificio A;10,0;2,0;2,0;3,0;3,0;0,95;0,95;0,4;1,6350163099028954;2,1;0,25;0,1;1,6350163099028954;10,0;0,0;0,0;0,0;0,0;0,0;0,0;0,4649836900971047;0,0;0,04649836900971047;-0,04649836900971047;Carga bateria con excedente PV;Precios elevados;1;0,0
Reglas;16;Edificio A;10,0;2,0;2,0;3,0;3,0;0,95;0,95;0,4;2,1741357688674348;1,2;0,28750000000000003;0,11500000000000002;1,2;8,974593927507964;0,0;0,0;0,9741357688674348;1,0254060724920366;0,05127030362460183;0,0;0,0;0,0;0,0;0,0;Descarga bateria por precio elevado o demanda alta;Precios elevados;1;0,0
Reglas;17;Edificio A;10,0;2,0;2,0;3,0;3,0;0,95;0,95;0,4;2,868321237311794;0,4;0,35000000000000003;0,14;0,4;6,376361046127128;0,0;0,0;2,468321237311794;2,598232881380836;0,129911644069042;0,0;0,0;0,0;0,0;0,0;Descarga bateria por precio elevado o demanda alta;Precios elevados;1;0,0
Reglas;18;Edificio A;10,0;2,0;2,0;3,0;3,0;0,95;0,95;0,4;3,506332062007339;0,0;0,375;0,15000000000000002;0,0;3,2184663092850228;0,0;0,0;3,0;3,1578947368421053;0,1578947368421053;0,5063320620073388;0,0;0,18987452325275206;0,0;0,18987452325275206;Descarga bateria por precio elevado o demanda alta;Precios elevados;1;0,0
Reglas;19;Edificio A;10,0;2,0;2,0;3,0;3,0;0,95;0,95;0,4;3,2874222820573733;0,0;0,3375;0,135;0,0;2,0;0,0;0,0;1,1575429938207715;1,2184663092850228;0,060923315464251226;2,1298792882366016;0,0;0,718834259779853;0,0;0,718834259779853;Descarga bateria por precio elevado o demanda alta;Precios elevados;1;0,0
Reglas;20;Edificio A;10,0;2,0;2,0;3,0;3,0;0,95;0,95;0,4;2,6349071234180617;0,0;0,3;0,12;0,0;2,0;0,0;0,0;0,0;0,0;0,0;2,6349071234180617;0,0;0,7904721370254185;0,0;0,7904721370254185;Importa energia de red;Precios elevados;1;0,0
Reglas;21;Edificio A;10,0;2,0;2,0;3,0;3,0;0,95;0,95;0,4;2,471708556475942;0,0;0,25;0,1;0,0;2,0;0,0;0,0;0,0;0,0;0,0;2,471708556475942;0,0;0,6179271391189854;0,0;0,6179271391189854;Importa energia de red;Precios elevados;1;0,0
Reglas;22;Edificio A;10,0;2,0;2,0;3,0;3,0;0,95;0,95;0,4;1,9352386080889195;0,0;0,21250000000000002;0,08500000000000002;0,0;2,0;0,0;0,0;0,0;0,0;0,0;1,9352386080889195;0,0;0,41123820421889545;0,0;0,41123820421889545;Importa energia de red;Precios elevados;1;0,0
Reglas;23;Edificio A;10,0;2,0;2,0;3,0;3,0;0,95;0,95;0,4;1,4753741508352802;0,0;0,1875;0,07500000000000001;0,0;2,0;0,0;0,0;0,0;0,0;0,0;1,4753741508352802;0,0;0,276632653281615;0,0;0,276632653281615;Importa energia de red;Precios elevados;1;0,0
Reglas;0;Edificio B;8,0;1,6;1,6;2,5;2,5;0,95;0,95;0,4;1,1374863228891794;0,0;0,17500000000000002;0,07;0,0;1,6;0,0;0,0;0,0;0,0;0,0;1,1374863228891794;0,0;0,1990601065056064;0,0;0,1990601065056064;Importa energia de red;Precios elevados;1;0,0
Reglas;1;Edificio B;8,0;1,6;1,6;2,5;2,5;0,95;0,95;0,4;0,9915599759160506;0,0;0,1625;0,065;0,0;1,6;0,0;0,0;0,0;0,0;0,0;0,9915599759160506;0,0;0,16112849608635824;0,0;0,16112849608635824;Importa energia de red;Precios elevados;1;0,0
Reglas;2;Edificio B;8,0;1,6;1,6;2,5;2,5;0,95;0,95;0,4;0,579570585649732;0,0;0,15;0,06;0,0;1,6;0,0;0,0;0,0;0,0;0,0;0,579570585649732;0,0;0,08693558784745979;0,0;0,08693558784745979;Importa energia de red;Precios elevados;1;0,0
Reglas;3;Edificio B;8,0;1,6;1,6;2,5;2,5;0,95;0,95;0,4;1,0460406212607483;0,0;0,15;0,06;0,0;1,6;0,0;0,0;0,0;0,0;0,0;1,0460406212607483;0,0;0,15690609318911222;0,0;0,15690609318911222;Importa energia de red;Precios elevados;1;0,0
Reglas;4;Edificio B;8,0;1,6;1,6;2,5;2,5;0,95;0,95;0,4;0,5309846622207706;0,0;0,1625;0,065;0,0;1,6;0,0;0,0;0,0;0,0;0,0;0,5309846622207706;0,0;0,08628500761087522;0,0;0,08628500761087522;Importa energia de red;Precios elevados;1;0,0
Reglas;5;Edificio B;8,0;1,6;1,6;2,5;2,5;0,95;0,95;0,4;0,8737378951515694;0,0;0,1875;0,07500000000000001;0,0;1,6;0,0;0,0;0,0;0,0;0,0;0,8737378951515694;0,0;0,16382585534091926;0,0;0,16382585534091926;Importa energia de red;Precios elevados;1;0,0
Reglas;6;Edificio B;8,0;1,6;1,6;2,5;2,5;0,95;0,95;0,4;1,5754322125737064;0,3;0,22499999999999998;0,09;0,3;1,6;0,0;0,0;0,0;0,0;0,0;1,2754322125737063;0,0;0,28697224782908387;0,0;0,28697224782908387;Importa energia de red;Precios elevados;1;0,0
Reglas;7;Edificio B;8,0;1,6;1,6;2,5;2,5;0,95;0,95;0,4;2,0132067870089156;0,8;0,275;0,11000000000000001;0,8;1,6;0,0;0,0;0,0;0,0;0,0;1,2132067870089156;0,0;0,3336318664274518;0,0;0,3336318664274518;Importa energia de red;Precios elevados;1;0,0
Reglas;8;Edificio B;8,0;1,6;1,6;2,5;2,5;0,95;0,95;0,4;2,3413071671706494;1,5;0,3;0,12;1,5;1,6;0,0;0,0;0,0;0,0;0,0;0,8413071671706494;0,0;0,2523921501511948;0,0;0,2523921501511948;Importa energia de red;Precios elevados;1;0,0
Reglas;9;Edificio B;8,0;1,6;1,6;2,5;2,5;0,95;0,95;0,4;1,8636488577609727;2,4;0,25;0,1;1,8636488577609727;2,109533585127076;0,5363511422390272;0,5095335851270758;0,0;0,0;0,02681755711195144;0,0;0,0;0,0;0,0;0,0;Carga bateria con excedente PV;Precios elevados;1;0,0
Reglas;10;Edificio B;8,0;1,6;1,6;2,5;2,5;0,95;0,95;0,4;1,8827181066819636;3,2;0,21250000000000002;0,08500000000000002;1,8827181066819636;3,3609513837792107;1,3172818933180366;1,2514177986521346;0,0;0,0;0,06586409466590193;0,0;0,0;0,0;0,0;0,0;Carga bateria con excedente PV;Precios elevados;1;0,0
Reglas;11;Edificio B;8,0;1,6;1,6;2,5;2,5;0,95;0,95;0,4;2,0438312019222438;3,8;0,1875;0,07500000000000001;2,0438312019222438;5,029311741953078;1,756168798077756;1,6683603581738682;0,0;0,0;0,08780843990388787;0,0;0,0;0,0;0,0;0,0;Carga bateria con excedente PV;Precios elevados;1;0,0
Reglas;12;Edificio B;8,0;1,6;1,6;2,5;2,5;0,95;0,95;0,4;1,9062309089497604;4,0;0,17500000000000002;0,07;1,9062309089497604;7,018392378450805;2,0937690910502393;1,9890806364977274;0,0;0,0;0,10468845455251197;0,0;0,0;0,0;0,0;0,0;Carga bateria con excedente PV;Precios elevados;1;0,0
Reglas;13;Edificio B;8,0;1,6;1,6;2,5;2,5;0,95;0,95;0,4;1,9323111832329727;3,7;0,1875;0,07500000000000001;1,9323111832329727;8,0;1,0332711805780996;0,9816076215491946;0,0;0,0;0,05166355902890507;0,0;0,7344176361889279;0,0;0,0550813227141696;-0,0550813227141696;Carga bateria con excedente PV;Precios elevados;1;0,0
Reglas;14;Edificio B;8,0;1,6;1,6;2,5;2,5;0,95;0,95;0,4;2,080858748087118;3,0;0,21250000000000002;0,08500000000000002;2,080858748087118;8,0;0,0;0,0;0,0;0,0;0,0;0,0;0,9191412519128819;0,0;0,07812700641259497;-0,07812700641259497;Carga bateria con excedente PV;Precios elevados;1;0,0
Reglas;15;Edificio B;8,0;1,6;1,6;2,5;2,5;0,95;0,95;0,4;1,71057604502903;2,1;0,25;0,1;1,71057604502903;8,0;0,0;0,0;0,0;0,0;0,0;0,0;0,38942395497097015;0,0;0,03894239549709702;-0,03894239549709702;Carga bateria con excedente PV;Precios elevados;1;0,0
Reglas;16;Edificio B;8,0;1,6;1,6;2,5;2,5;0,95;0,95;0,4;2,1971304255218276;1,2;0,28750000000000003;0,11500000000000002;1,2;6,950389025766497;0,0;0,0;0,9971304255218276;1,049610974233503;0,05248054871167529;0,0;0,0;0,0;0,0;0,0;Descarga bateria por precio elevado o demanda alta;Precios elevados;1;0,0
Reglas;17;Edificio B;8,0;1,6;1,6;2,5;2,5;0,95;0,95;0,4;3,1762501829250436;0,4;0,35000000000000003;0,14;0,4;4,318810078398076;0,0;0,0;2,5;2,6315789473684212;0,13157894736842124;0,27625018292504366;0,0;0,09668756402376529;0,0;0,09668756402376529;Descarga bateria por precio elevado o demanda alta;Precios elevados;1;0,0
Reglas;18;Edificio B;8,0;1,6;1,6;2,5;2,5;0,95;0,95;0,4;3,387819357605921;0,0;0,375;0,15000000000000002;0,0;1,6872311310296544;0,0;0,0;2,5;2,6315789473684212;0,13157894736842124;0,8878193576059208;0,0;0,3329322591022203;0,0;0,3329322591022203;Descarga bateria por precio elevado o demanda alta;Precios elevados;1;0,0
Reglas;19;Edificio B;8,0;1,6;1,6;2,5;2,5;0,95;0,95;0,4;3,2013537876459988;0,0;0,3375;0,135;0,0;1,6;0,0;0,0;0,08286957447817157;0,0872311310296543;0,004361556551482723;3,118484213167827;0,0;1,0524884219441417;0,0;1,0524884219441417;Descarga bateria por precio elevado o demanda alta;Precios elevados;1;0,0
Reglas;20;Edificio B;8,0;1,6;1,6;2,5;2,5;0,95;0,95;0,4;2,6682838160139486;0,0;0,3;0,12;0,0;1,6;0,0;0,0;0,0;0,0;0,0;2,6682838160139486;0,0;0,8004851448041845;0,0;0,8004851448041845;Importa energia de red;Precios elevados;1;0,0
Reglas;21;Edificio B;8,0;1,6;1,6;2,5;2,5;0,95;0,95;0,4;2,2765348744423064;0,0;0,25;0,1;0,0;1,6;0,0;0,0;0,0;0,0;0,0;2,2765348744423064;0,0;0,5691337186105766;0,0;0,5691337186105766;Importa energia de red;Precios elevados;1;0,0
Reglas;22;Edificio B;8,0;1,6;1,6;2,5;2,5;0,95;0,95;0,4;1,8384855678001943;0,0;0,21250000000000002;0,08500000000000002;0,0;1,6;0,0;0,0;0,0;0,0;0,0;1,8384855678001943;0,0;0,3906781831575413;0,0;0,3906781831575413;Importa energia de red;Precios elevados;1;0,0
Reglas;23;Edificio B;8,0;1,6;1,6;2,5;2,5;0,95;0,95;0,4;1,2516831426845567;0,0;0,1875;0,07500000000000001;0,0;1,6;0,0;0,0;0,0;0,0;0,0;1,2516831426845567;0,0;0,2346905892533544;0,0;0,2346905892533544;Importa energia de red;Precios elevados;1;0,0
Reglas + decision avanzada;0;Edificio A;10,0;2,0;2,0;3,0;3,0;0,95;0,95;0,4;1,4436518045494862;0,0;0,17500000000000002;0,07;0,0;2,0;0,0;0,0;0,0;0,0;0,0;1,4436518045494862;0,0;0,2526390657961601;0,0;0,2526390657961601;Reserva bateria e importa energia de red;Precios elevados;1;0,0
Reglas + decision avanzada;1;Edificio A;10,0;2,0;2,0;3,0;3,0;0,95;0,95;0,4;0,9082365379524887;0,0;0,1625;0,065;0,0;2,0;0,0;0,0;0,0;0,0;0,0;0,9082365379524887;0,0;0,14758843741727942;0,0;0,14758843741727942;Reserva bateria e importa energia de red;Precios elevados;1;0,0
Reglas + decision avanzada;2;Edificio A;10,0;2,0;2,0;3,0;3,0;0,95;0,95;0,4;0,8207742371604817;0,0;0,15;0,06;0,0;2,0;0,0;0,0;0,0;0,0;0,0;0,8207742371604817;0,0;0,12311613557407225;0,0;0,12311613557407225;Reserva bateria e importa energia de red;Precios elevados;1;0,0
Reglas + decision avanzada;3;Edificio A;10,0;2,0;2,0;3,0;3,0;0,95;0,95;0,4;0,6390547066765745;0,0;0,15;0,06;0,0;2,0;0,0;0,0;0,0;0,0;0,0;0,6390547066765745;0,0;0,09585820600148617;0,0;0,09585820600148617;Reserva bateria e importa energia de red;Precios elevados;1;0,0
Reglas + decision avanzada;4;Edificio A;10,0;2,0;2,0;3,0;3,0;0,95;0,95;0,4;0,9298111443987018;0,0;0,1625;0,065;0,0;2,0;0,0;0,0;0,0;0,0;0,0;0,9298111443987018;0,0;0,15109431096478906;0,0;0,15109431096478906;Reserva bateria e importa energia de red;Precios elevados;1;0,0
Reglas + decision avanzada;5;Edificio A;10,0;2,0;2,0;3,0;3,0;0,95;0,95;0,4;0,6547691954679575;0,0;0,1875;0,07500000000000001;0,0;2,0;0,0;0,0;0,0;0,0;0,0;0,6547691954679575;0,0;0,12276922415024204;0,0;0,12276922415024204;Reserva bateria e importa energia de red;Precios elevados;1;0,0
Reglas + decision avanzada;6;Edificio A;10,0;2,0;2,0;3,0;3,0;0,95;0,95;0,4;1,761721764632472;0,3;0,22499999999999998;0,09;0,3;2,0;0,0;0,0;0,0;0,0;0,0;1,461721764632472;0,0;0,3288873970423062;0,0;0,3288873970423062;Reserva bateria e importa energia de red;Precios elevados;1;0,0
Reglas + decision avanzada;7;Edificio A;10,0;2,0;2,0;3,0;3,0;0,95;0,95;0,4;2,0858189648657346;0,8;0,275;0,11000000000000001;0,8;2,0;0,0;0,0;0,0;0,0;0,0;1,2858189648657345;0,0;0,353600215338077;0,0;0,353600215338077;Reserva bateria e importa energia de red;Precios elevados;1;0,0
Reglas + decision avanzada;8;Edificio A;10,0;2,0;2,0;3,0;3,0;0,95;0,95;0,4;2,547855864408565;1,5;0,3;0,12;1,5;2,0;0,0;0,0;0,0;0,0;0,0;1,047855864408565;0,0;0,31435675932256946;0,0;0,31435675932256946;Reserva bateria e importa energia de red;Precios elevados;1;0,0
Reglas + decision avanzada;9;Edificio A;10,0;2,0;2,0;3,0;3,0;0,95;0,95;0,4;1,9625944436783884;2,4;0,25;0,1;1,9625944436783884;2,415535278505531;0,4374055563216115;0,4155352785055309;0,0;0,0;0,021870277816080586;0,0;0,0;0,0;0,0;0,0;Carga bateria con excedente PV;Precios elevados;1;0,0
Reglas + decision avanzada;10;Edificio A;10,0;2,0;2,0;3,0;3,0;0,95;0,95;0,4;2,0193161905567463;3,2;0,21250000000000002;0,08500000000000002;2,0193161905567463;3,537184897476622;1,180683809443254;1,1216496189710912;0,0;0,0;0,05903419047216274;0,0;0,0;0,0;0,0;0,0;Carga bateria con excedente PV;Precios elevados;1;0,0
Reglas + decision avanzada;11;Edificio A;10,0;2,0;2,0;3,0;3,0;0,95;0,95;0,4;1,390978893575352;3,8;0,1875;0,07500000000000001;1,390978893575352;5,8257549485800375;2,409021106424648;2,2885700511034153;0,0;0,0;0,12045105532123257;0,0;0,0;0,0;0,0;0,0;Carga bateria con excedente PV;Precios elevados;1;0,0
Reglas + decision avanzada;12;Edificio A;10,0;2,0;2,0;3,0;3,0;0,95;0,95;0,4;1,8516374193979739;4,0;0,17500000000000002;0,07;1,8516374193979739;7,866699400151962;2,148362580602026;2,040944451571925;0,0;0,0;0,10741812903010128;0,0;0,0;0,0;0,0;0,0;Carga bateria con excedente PV;Precios elevados;1;0,0
Reglas + decision avanzada;13;Edificio A;10,0;2,0;2,0;3,0;3,0;0,95;0,95;0,4;2,0423918467997377;3,7;0,1875;0,07500000000000001;2,0423918467997377;9,441427145692211;1,6576081532002624;1,5747277455402493;0,0;0,0;0,08288040766001314;0,0;0,0;0,0;0,0;0,0;Carga bateria con excedente PV;Precios elevados;1;0,0
Reglas + decision avanzada;14;Edificio A;10,0;2,0;2,0;3,0;3,0;0,95;0,95;0,4;2,1700654163503157;3,0;0,21250000000000002;0,08500000000000002;2,1700654163503157;10,0;0,5879714255871461;0,5585728543077888;0,0;0,0;0,0293985712793573;0,0;0,2419631580625382;0,0;0,020566868435315754;-0,020566868435315754;Carga bateria con excedente PV;Precios elevados;1;0,0
Reglas + decision avanzada;15;Edificio A;10,0;2,0;2,0;3,0;3,0;0,95;0,95;0,4;1,6350163099028954;2,1;0,25;0,1;1,6350163099028954;10,0;0,0;0,0;0,0;0,0;0,0;0,0;0,4649836900971047;0,0;0,04649836900971047;-0,04649836900971047;Carga bateria con excedente PV;Precios elevados;1;0,0
Reglas + decision avanzada;16;Edificio A;10,0;2,0;2,0;3,0;3,0;0,95;0,95;0,4;2,1741357688674348;1,2;0,28750000000000003;0,11500000000000002;1,2;8,974593927507964;0,0;0,0;0,9741357688674348;1,0254060724920366;0,05127030362460183;0,0;0,0;0,0;0,0;0,0;Descarga bateria por apoyo avanzado a la decision;Precios elevados;1;0,0
Reglas + decision avanzada;17;Edificio A;10,0;2,0;2,0;3,0;3,0;0,95;0,95;0,4;2,868321237311794;0,4;0,35000000000000003;0,14;0,4;6,376361046127128;0,0;0,0;2,468321237311794;2,598232881380836;0,129911644069042;0,0;0,0;0,0;0,0;0,0;Descarga bateria por apoyo avanzado a la decision;Precios elevados;1;0,0
Reglas + decision avanzada;18;Edificio A;10,0;2,0;2,0;3,0;3,0;0,95;0,95;0,4;3,506332062007339;0,0;0,375;0,15000000000000002;0,0;3,2184663092850228;0,0;0,0;3,0;3,1578947368421053;0,1578947368421053;0,5063320620073388;0,0;0,18987452325275206;0,0;0,18987452325275206;Descarga bateria por apoyo avanzado a la decision;Precios elevados;1;0,0
Reglas + decision avanzada;19;Edificio A;10,0;2,0;2,0;3,0;3,0;0,95;0,95;0,4;3,2874222820573733;0,0;0,3375;0,135;0,0;2,0;0,0;0,0;1,1575429938207715;1,2184663092850228;0,060923315464251226;2,1298792882366016;0,0;0,718834259779853;0,0;0,718834259779853;Descarga bateria por apoyo avanzado a la decision;Precios elevados;1;0,0
Reglas + decision avanzada;20;Edificio A;10,0;2,0;2,0;3,0;3,0;0,95;0,95;0,4;2,6349071234180617;0,0;0,3;0,12;0,0;2,0;0,0;0,0;0,0;0,0;0,0;2,6349071234180617;0,0;0,7904721370254185;0,0;0,7904721370254185;Reserva bateria e importa energia de red;Precios elevados;1;0,0
Reglas + decision avanzada;21;Edificio A;10,0;2,0;2,0;3,0;3,0;0,95;0,95;0,4;2,471708556475942;0,0;0,25;0,1;0,0;2,0;0,0;0,0;0,0;0,0;0,0;2,471708556475942;0,0;0,6179271391189854;0,0;0,6179271391189854;Reserva bateria e importa energia de red;Precios elevados;1;0,0
Reglas + decision avanzada;22;Edificio A;10,0;2,0;2,0;3,0;3,0;0,95;0,95;0,4;1,9352386080889195;0,0;0,21250000000000002;0,08500000000000002;0,0;2,0;0,0;0,0;0,0;0,0;0,0;1,9352386080889195;0,0;0,41123820421889545;0,0;0,41123820421889545;Reserva bateria e importa energia de red;Precios elevados;1;0,0
Reglas + decision avanzada;23;Edificio A;10,0;2,0;2,0;3,0;3,0;0,95;0,95;0,4;1,4753741508352802;0,0;0,1875;0,07500000000000001;0,0;2,0;0,0;0,0;0,0;0,0;0,0;1,4753741508352802;0,0;0,276632653281615;0,0;0,276632653281615;Reserva bateria e importa energia de red;Precios elevados;1;0,0
Reglas + decision avanzada;0;Edificio B;8,0;1,6;1,6;2,5;2,5;0,95;0,95;0,4;1,1374863228891794;0,0;0,17500000000000002;0,07;0,0;1,6;0,0;0,0;0,0;0,0;0,0;1,1374863228891794;0,0;0,1990601065056064;0,0;0,1990601065056064;Reserva bateria e importa energia de red;Precios elevados;1;0,0
Reglas + decision avanzada;1;Edificio B;8,0;1,6;1,6;2,5;2,5;0,95;0,95;0,4;0,9915599759160506;0,0;0,1625;0,065;0,0;1,6;0,0;0,0;0,0;0,0;0,0;0,9915599759160506;0,0;0,16112849608635824;0,0;0,16112849608635824;Reserva bateria e importa energia de red;Precios elevados;1;0,0
Reglas + decision avanzada;2;Edificio B;8,0;1,6;1,6;2,5;2,5;0,95;0,95;0,4;0,579570585649732;0,0;0,15;0,06;0,0;1,6;0,0;0,0;0,0;0,0;0,0;0,579570585649732;0,0;0,08693558784745979;0,0;0,08693558784745979;Reserva bateria e importa energia de red;Precios elevados;1;0,0
Reglas + decision avanzada;3;Edificio B;8,0;1,6;1,6;2,5;2,5;0,95;0,95;0,4;1,0460406212607483;0,0;0,15;0,06;0,0;1,6;0,0;0,0;0,0;0,0;0,0;1,0460406212607483;0,0;0,15690609318911222;0,0;0,15690609318911222;Reserva bateria e importa energia de red;Precios elevados;1;0,0
Reglas + decision avanzada;4;Edificio B;8,0;1,6;1,6;2,5;2,5;0,95;0,95;0,4;0,5309846622207706;0,0;0,1625;0,065;0,0;1,6;0,0;0,0;0,0;0,0;0,0;0,5309846622207706;0,0;0,08628500761087522;0,0;0,08628500761087522;Reserva bateria e importa energia de red;Precios elevados;1;0,0
Reglas + decision avanzada;5;Edificio B;8,0;1,6;1,6;2,5;2,5;0,95;0,95;0,4;0,8737378951515694;0,0;0,1875;0,07500000000000001;0,0;1,6;0,0;0,0;0,0;0,0;0,0;0,8737378951515694;0,0;0,16382585534091926;0,0;0,16382585534091926;Reserva bateria e importa energia de red;Precios elevados;1;0,0
Reglas + decision avanzada;6;Edificio B;8,0;1,6;1,6;2,5;2,5;0,95;0,95;0,4;1,5754322125737064;0,3;0,22499999999999998;0,09;0,3;1,6;0,0;0,0;0,0;0,0;0,0;1,2754322125737063;0,0;0,28697224782908387;0,0;0,28697224782908387;Reserva bateria e importa energia de red;Precios elevados;1;0,0
Reglas + decision avanzada;7;Edificio B;8,0;1,6;1,6;2,5;2,5;0,95;0,95;0,4;2,0132067870089156;0,8;0,275;0,11000000000000001;0,8;1,6;0,0;0,0;0,0;0,0;0,0;1,2132067870089156;0,0;0,3336318664274518;0,0;0,3336318664274518;Reserva bateria e importa energia de red;Precios elevados;1;0,0
Reglas + decision avanzada;8;Edificio B;8,0;1,6;1,6;2,5;2,5;0,95;0,95;0,4;2,3413071671706494;1,5;0,3;0,12;1,5;1,6;0,0;0,0;0,0;0,0;0,0;0,8413071671706494;0,0;0,2523921501511948;0,0;0,2523921501511948;Reserva bateria e importa energia de red;Precios elevados;1;0,0
Reglas + decision avanzada;9;Edificio B;8,0;1,6;1,6;2,5;2,5;0,95;0,95;0,4;1,8636488577609727;2,4;0,25;0,1;1,8636488577609727;2,109533585127076;0,5363511422390272;0,5095335851270758;0,0;0,0;0,02681755711195144;0,0;0,0;0,0;0,0;0,0;Carga bateria con excedente PV;Precios elevados;1;0,0
Reglas + decision avanzada;10;Edificio B;8,0;1,6;1,6;2,5;2,5;0,95;0,95;0,4;1,8827181066819636;3,2;0,21250000000000002;0,08500000000000002;1,8827181066819636;3,3609513837792107;1,3172818933180366;1,2514177986521346;0,0;0,0;0,06586409466590193;0,0;0,0;0,0;0,0;0,0;Carga bateria con excedente PV;Precios elevados;1;0,0
Reglas + decision avanzada;11;Edificio B;8,0;1,6;1,6;2,5;2,5;0,95;0,95;0,4;2,0438312019222438;3,8;0,1875;0,07500000000000001;2,0438312019222438;5,029311741953078;1,756168798077756;1,6683603581738682;0,0;0,0;0,08780843990388787;0,0;0,0;0,0;0,0;0,0;Carga bateria con excedente PV;Precios elevados;1;0,0
Reglas + decision avanzada;12;Edificio B;8,0;1,6;1,6;2,5;2,5;0,95;0,95;0,4;1,9062309089497604;4,0;0,17500000000000002;0,07;1,9062309089497604;7,018392378450805;2,0937690910502393;1,9890806364977274;0,0;0,0;0,10468845455251197;0,0;0,0;0,0;0,0;0,0;Carga bateria con excedente PV;Precios elevados;1;0,0
Reglas + decision avanzada;13;Edificio B;8,0;1,6;1,6;2,5;2,5;0,95;0,95;0,4;1,9323111832329727;3,7;0,1875;0,07500000000000001;1,9323111832329727;8,0;1,0332711805780996;0,9816076215491946;0,0;0,0;0,05166355902890507;0,0;0,7344176361889279;0,0;0,0550813227141696;-0,0550813227141696;Carga bateria con excedente PV;Precios elevados;1;0,0
Reglas + decision avanzada;14;Edificio B;8,0;1,6;1,6;2,5;2,5;0,95;0,95;0,4;2,080858748087118;3,0;0,21250000000000002;0,08500000000000002;2,080858748087118;8,0;0,0;0,0;0,0;0,0;0,0;0,0;0,9191412519128819;0,0;0,07812700641259497;-0,07812700641259497;Carga bateria con excedente PV;Precios elevados;1;0,0
Reglas + decision avanzada;15;Edificio B;8,0;1,6;1,6;2,5;2,5;0,95;0,95;0,4;1,71057604502903;2,1;0,25;0,1;1,71057604502903;8,0;0,0;0,0;0,0;0,0;0,0;0,0;0,38942395497097015;0,0;0,03894239549709702;-0,03894239549709702;Carga bateria con excedente PV;Precios elevados;1;0,0
Reglas + decision avanzada;16;Edificio B;8,0;1,6;1,6;2,5;2,5;0,95;0,95;0,4;2,1971304255218276;1,2;0,28750000000000003;0,11500000000000002;1,2;6,950389025766497;0,0;0,0;0,9971304255218276;1,049610974233503;0,05248054871167529;0,0;0,0;0,0;0,0;0,0;Descarga bateria por apoyo avanzado a la decision;Precios elevados;1;0,0
Reglas + decision avanzada;17;Edificio B;8,0;1,6;1,6;2,5;2,5;0,95;0,95;0,4;3,1762501829250436;0,4;0,35000000000000003;0,14;0,4;4,318810078398076;0,0;0,0;2,5;2,6315789473684212;0,13157894736842124;0,27625018292504366;0,0;0,09668756402376529;0,0;0,09668756402376529;Descarga bateria por apoyo avanzado a la decision;Precios elevados;1;0,0
Reglas + decision avanzada;18;Edificio B;8,0;1,6;1,6;2,5;2,5;0,95;0,95;0,4;3,387819357605921;0,0;0,375;0,15000000000000002;0,0;1,6872311310296544;0,0;0,0;2,5;2,6315789473684212;0,13157894736842124;0,8878193576059208;0,0;0,3329322591022203;0,0;0,3329322591022203;Descarga bateria por apoyo avanzado a la decision;Precios elevados;1;0,0
Reglas + decision avanzada;19;Edificio B;8,0;1,6;1,6;2,5;2,5;0,95;0,95;0,4;3,2013537876459988;0,0;0,3375;0,135;0,0;1,6;0,0;0,0;0,08286957447817157;0,0872311310296543;0,004361556551482723;3,118484213167827;0,0;1,0524884219441417;0,0;1,0524884219441417;Descarga bateria por apoyo avanzado a la decision;Precios elevados;1;0,0
Reglas + decision avanzada;20;Edificio B;8,0;1,6;1,6;2,5;2,5;0,95;0,95;0,4;2,6682838160139486;0,0;0,3;0,12;0,0;1,6;0,0;0,0;0,0;0,0;0,0;2,6682838160139486;0,0;0,8004851448041845;0,0;0,8004851448041845;Reserva bateria e importa energia de red;Precios elevados;1;0,0
Reglas + decision avanzada;21;Edificio B;8,0;1,6;1,6;2,5;2,5;0,95;0,95;0,4;2,2765348744423064;0,0;0,25;0,1;0,0;1,6;0,0;0,0;0,0;0,0;0,0;2,2765348744423064;0,0;0,5691337186105766;0,0;0,5691337186105766;Reserva bateria e importa energia de red;Precios elevados;1;0,0
Reglas + decision avanzada;22;Edificio B;8,0;1,6;1,6;2,5;2,5;0,95;0,95;0,4;1,8384855678001943;0,0;0,21250000000000002;0,08500000000000002;0,0;1,6;0,0;0,0;0,0;0,0;0,0;1,8384855678001943;0,0;0,3906781831575413;0,0;0,3906781831575413;Reserva bateria e importa energia de red;Precios elevados;1;0,0
Reglas + decision avanzada;23;Edificio B;8,0;1,6;1,6;2,5;2,5;0,95;0,95;0,4;1,2516831426845567;0,0;0,1875;0,07500000000000001;0,0;1,6;0,0;0,0;0,0;0,0;0,0;1,2516831426845567;0,0;0,2346905892533544;0,0;0,2346905892533544;Reserva bateria e importa energia de red;Precios elevados;1;0,0
Sin control;0;Edificio A;15,0;3,0;3,0;4,5;4,5;0,95;0,95;0,4;1,4436518045494862;0,0;0,14;0,05600000000000001;0,0;3,0;0,0;0,0;0,0;0,0;0,0;1,4436518045494862;0,0;0,20211125263692808;0,0;0,20211125263692808;Uso directo de PV e importacion/exportacion de red;Bateria ampliada;1;0,0
Sin control;1;Edificio A;15,0;3,0;3,0;4,5;4,5;0,95;0,95;0,4;0,9082365379524887;0,0;0,13;0,052000000000000005;0,0;3,0;0,0;0,0;0,0;0,0;0,0;0,9082365379524887;0,0;0,11807074993382354;0,0;0,11807074993382354;Uso directo de PV e importacion/exportacion de red;Bateria ampliada;1;0,0
Sin control;2;Edificio A;15,0;3,0;3,0;4,5;4,5;0,95;0,95;0,4;0,8207742371604817;0,0;0,12;0,048;0,0;3,0;0,0;0,0;0,0;0,0;0,0;0,8207742371604817;0,0;0,0984929084592578;0,0;0,0984929084592578;Uso directo de PV e importacion/exportacion de red;Bateria ampliada;1;0,0
Sin control;3;Edificio A;15,0;3,0;3,0;4,5;4,5;0,95;0,95;0,4;0,6390547066765745;0,0;0,12;0,048;0,0;3,0;0,0;0,0;0,0;0,0;0,0;0,6390547066765745;0,0;0,07668656480118893;0,0;0,07668656480118893;Uso directo de PV e importacion/exportacion de red;Bateria ampliada;1;0,0
Sin control;4;Edificio A;15,0;3,0;3,0;4,5;4,5;0,95;0,95;0,4;0,9298111443987018;0,0;0,13;0,052000000000000005;0,0;3,0;0,0;0,0;0,0;0,0;0,0;0,9298111443987018;0,0;0,12087544877183125;0,0;0,12087544877183125;Uso directo de PV e importacion/exportacion de red;Bateria ampliada;1;0,0
Sin control;5;Edificio A;15,0;3,0;3,0;4,5;4,5;0,95;0,95;0,4;0,6547691954679575;0,0;0,15;0,06;0,0;3,0;0,0;0,0;0,0;0,0;0,0;0,6547691954679575;0,0;0,09821537932019363;0,0;0,09821537932019363;Uso directo de PV e importacion/exportacion de red;Bateria ampliada;1;0,0
Sin control;6;Edificio A;15,0;3,0;3,0;4,5;4,5;0,95;0,95;0,4;1,761721764632472;0,3;0,18;0,072;0,3;3,0;0,0;0,0;0,0;0,0;0,0;1,461721764632472;0,0;0,26310991763384495;0,0;0,26310991763384495;Uso directo de PV e importacion/exportacion de red;Bateria ampliada;1;0,0
Sin control;7;Edificio A;15,0;3,0;3,0;4,5;4,5;0,95;0,95;0,4;2,0858189648657346;0,8;0,22;0,08800000000000001;0,8;3,0;0,0;0,0;0,0;0,0;0,0;1,2858189648657345;0,0;0,2828801722704616;0,0;0,2828801722704616;Uso directo de PV e importacion/exportacion de red;Bateria ampliada;1;0,0
Sin control;8;Edificio A;15,0;3,0;3,0;4,5;4,5;0,95;0,95;0,4;2,547855864408565;1,5;0,24;0,096;1,5;3,0;0,0;0,0;0,0;0,0;0,0;1,047855864408565;0,0;0,2514854074580556;0,0;0,2514854074580556;Uso directo de PV e importacion/exportacion de red;Bateria ampliada;1;0,0
Sin control;9;Edificio A;15,0;3,0;3,0;4,5;4,5;0,95;0,95;0,4;1,9625944436783884;2,4;0,2;0,08000000000000002;1,9625944436783884;3,0;0,0;0,0;0,0;0,0;0,0;0,0;0,4374055563216115;0,0;0,03499244450572893;-0,03499244450572893;Uso directo de PV e importacion/exportacion de red;Bateria ampliada;1;0,0
Sin control;10;Edificio A;15,0;3,0;3,0;4,5;4,5;0,95;0,95;0,4;2,0193161905567463;3,2;0,17;0,068;2,0193161905567463;3,0;0,0;0,0;0,0;0,0;0,0;0,0;1,180683809443254;0,0;0,08028649904214127;-0,08028649904214127;Uso directo de PV e importacion/exportacion de red;Bateria ampliada;1;0,0
Sin control;11;Edificio A;15,0;3,0;3,0;4,5;4,5;0,95;0,95;0,4;1,390978893575352;3,8;0,15;0,06;1,390978893575352;3,0;0,0;0,0;0,0;0,0;0,0;0,0;2,409021106424648;0,0;0,14454126638547887;-0,14454126638547887;Uso directo de PV e importacion/exportacion de red;Bateria ampliada;1;0,0
Sin control;12;Edificio A;15,0;3,0;3,0;4,5;4,5;0,95;0,95;0,4;1,8516374193979739;4,0;0,14;0,05600000000000001;1,8516374193979739;3,0;0,0;0,0;0,0;0,0;0,0;0,0;2,148362580602026;0,0;0,12030830451371348;-0,12030830451371348;Uso directo de PV e importacion/exportacion de red;Bateria ampliada;1;0,0
Sin control;13;Edificio A;15,0;3,0;3,0;4,5;4,5;0,95;0,95;0,4;2,0423918467997377;3,7;0,15;0,06;2,0423918467997377;3,0;0,0;0,0;0,0;0,0;0,0;0,0;1,6576081532002624;0,0;0,09945648919201575;-0,09945648919201575;Uso directo de PV e importacion/exportacion de red;Bateria ampliada;1;0,0
Sin control;14;Edificio A;15,0;3,0;3,0;4,5;4,5;0,95;0,95;0,4;2,1700654163503157;3,0;0,17;0,068;2,1700654163503157;3,0;0,0;0,0;0,0;0,0;0,0;0,0;0,8299345836496843;0,0;0,056435551688178535;-0,056435551688178535;Uso directo de PV e importacion/exportacion de red;Bateria ampliada;1;0,0
Sin control;15;Edificio A;15,0;3,0;3,0;4,5;4,5;0,95;0,95;0,4;1,6350163099028954;2,1;0,2;0,08000000000000002;1,6350163099028954;3,0;0,0;0,0;0,0;0,0;0,0;0,0;0,4649836900971047;0,0;0,03719869520776838;-0,03719869520776838;Uso directo de PV e importacion/exportacion de red;Bateria ampliada;1;0,0
Sin control;16;Edificio A;15,0;3,0;3,0;4,5;4,5;0,95;0,95;0,4;2,1741357688674348;1,2;0,23;0,09200000000000001;1,2;3,0;0,0;0,0;0,0;0,0;0,0;0,9741357688674348;0,0;0,22405122683951;0,0;0,22405122683951;Uso directo de PV e importacion/exportacion de red;Bateria ampliada;1;0,0
Sin control;17;Edificio A;15,0;3,0;3,0;4,5;4,5;0,95;0,95;0,4;2,868321237311794;0,4;0,28;0,11200000000000002;0,4;3,0;0,0;0,0;0,0;0,0;0,0;2,468321237311794;0,0;0,6911299464473024;0,0;0,6911299464473024;Uso directo de PV e importacion/exportacion de red;Bateria ampliada;1;0,0
Sin control;18;Edificio A;15,0;3,0;3,0;4,5;4,5;0,95;0,95;0,4;3,506332062007339;0,0;0,3;0,12;0,0;3,0;0,0;0,0;0,0;0,0;0,0;3,506332062007339;0,0;1,0518996186022016;0,0;1,0518996186022016;Uso directo de PV e importacion/exportacion de red;Bateria ampliada;1;0,0
Sin control;19;Edificio A;15,0;3,0;3,0;4,5;4,5;0,95;0,95;0,4;3,2874222820573733;0,0;0,27;0,10800000000000001;0,0;3,0;0,0;0,0;0,0;0,0;0,0;3,2874222820573733;0,0;0,8876040161554909;0,0;0,8876040161554909;Uso directo de PV e importacion/exportacion de red;Bateria ampliada;1;0,0
Sin control;20;Edificio A;15,0;3,0;3,0;4,5;4,5;0,95;0,95;0,4;2,6349071234180617;0,0;0,24;0,096;0,0;3,0;0,0;0,0;0,0;0,0;0,0;2,6349071234180617;0,0;0,6323777096203348;0,0;0,6323777096203348;Uso directo de PV e importacion/exportacion de red;Bateria ampliada;1;0,0
Sin control;21;Edificio A;15,0;3,0;3,0;4,5;4,5;0,95;0,95;0,4;2,471708556475942;0,0;0,2;0,08000000000000002;0,0;3,0;0,0;0,0;0,0;0,0;0,0;2,471708556475942;0,0;0,4943417112951884;0,0;0,4943417112951884;Uso directo de PV e importacion/exportacion de red;Bateria ampliada;1;0,0
Sin control;22;Edificio A;15,0;3,0;3,0;4,5;4,5;0,95;0,95;0,4;1,9352386080889195;0,0;0,17;0,068;0,0;3,0;0,0;0,0;0,0;0,0;0,0;1,9352386080889195;0,0;0,32899056337511634;0,0;0,32899056337511634;Uso directo de PV e importacion/exportacion de red;Bateria ampliada;1;0,0
Sin control;23;Edificio A;15,0;3,0;3,0;4,5;4,5;0,95;0,95;0,4;1,4753741508352802;0,0;0,15;0,06;0,0;3,0;0,0;0,0;0,0;0,0;0,0;1,4753741508352802;0,0;0,22130612262529203;0,0;0,22130612262529203;Uso directo de PV e importacion/exportacion de red;Bateria ampliada;1;0,0
Sin control;0;Edificio B;12,0;2,4000000000000004;2,4000000000000004;3,75;3,75;0,95;0,95;0,4;1,1374863228891794;0,0;0,14;0,05600000000000001;0,0;2,4000000000000004;0,0;0,0;0,0;0,0;0,0;1,1374863228891794;0,0;0,15924808520448513;0,0;0,15924808520448513;Uso directo de PV e importacion/exportacion de red;Bateria ampliada;1;0,0
Sin control;1;Edificio B;12,0;2,4000000000000004;2,4000000000000004;3,75;3,75;0,95;0,95;0,4;0,9915599759160506;0,0;0,13;0,052000000000000005;0,0;2,4000000000000004;0,0;0,0;0,0;0,0;0,0;0,9915599759160506;0,0;0,1289027968690866;0,0;0,1289027968690866;Uso directo de PV e importacion/exportacion de red;Bateria ampliada;1;0,0
Sin control;2;Edificio B;12,0;2,4000000000000004;2,4000000000000004;3,75;3,75;0,95;0,95;0,4;0,579570585649732;0,0;0,12;0,048;0,0;2,4000000000000004;0,0;0,0;0,0;0,0;0,0;0,579570585649732;0,0;0,06954847027796783;0,0;0,06954847027796783;Uso directo de PV e importacion/exportacion de red;Bateria ampliada;1;0,0
Sin control;3;Edificio B;12,0;2,4000000000000004;2,4000000000000004;3,75;3,75;0,95;0,95;0,4;1,0460406212607483;0,0;0,12;0,048;0,0;2,4000000000000004;0,0;0,0;0,0;0,0;0,0;1,0460406212607483;0,0;0,1255248745512898;0,0;0,1255248745512898;Uso directo de PV e importacion/exportacion de red;Bateria ampliada;1;0,0
Sin control;4;Edificio B;12,0;2,4000000000000004;2,4000000000000004;3,75;3,75;0,95;0,95;0,4;0,5309846622207706;0,0;0,13;0,052000000000000005;0,0;2,4000000000000004;0,0;0,0;0,0;0,0;0,0;0,5309846622207706;0,0;0,06902800608870018;0,0;0,06902800608870018;Uso directo de PV e importacion/exportacion de red;Bateria ampliada;1;0,0
Sin control;5;Edificio B;12,0;2,4000000000000004;2,4000000000000004;3,75;3,75;0,95;0,95;0,4;0,8737378951515694;0,0;0,15;0,06;0,0;2,4000000000000004;0,0;0,0;0,0;0,0;0,0;0,8737378951515694;0,0;0,1310606842727354;0,0;0,1310606842727354;Uso directo de PV e importacion/exportacion de red;Bateria ampliada;1;0,0
Sin control;6;Edificio B;12,0;2,4000000000000004;2,4000000000000004;3,75;3,75;0,95;0,95;0,4;1,5754322125737064;0,3;0,18;0,072;0,3;2,4000000000000004;0,0;0,0;0,0;0,0;0,0;1,2754322125737063;0,0;0,22957779826326713;0,0;0,22957779826326713;Uso directo de PV e importacion/exportacion de red;Bateria ampliada;1;0,0
Sin control;7;Edificio B;12,0;2,4000000000000004;2,4000000000000004;3,75;3,75;0,95;0,95;0,4;2,0132067870089156;0,8;0,22;0,08800000000000001;0,8;2,4000000000000004;0,0;0,0;0,0;0,0;0,0;1,2132067870089156;0,0;0,26690549314196144;0,0;0,26690549314196144;Uso directo de PV e importacion/exportacion de red;Bateria ampliada;1;0,0
Sin control;8;Edificio B;12,0;2,4000000000000004;2,4000000000000004;3,75;3,75;0,95;0,95;0,4;2,3413071671706494;1,5;0,24;0,096;1,5;2,4000000000000004;0,0;0,0;0,0;0,0;0,0;0,8413071671706494;0,0;0,20191372012095585;0,0;0,20191372012095585;Uso directo de PV e importacion/exportacion de red;Bateria ampliada;1;0,0
Sin control;9;Edificio B;12,0;2,4000000000000004;2,4000000000000004;3,75;3,75;0,95;0,95;0,4;1,8636488577609727;2,4;0,2;0,08000000000000002;1,8636488577609727;2,4000000000000004;0,0;0,0;0,0;0,0;0,0;0,0;0,5363511422390272;0,0;0,04290809137912219;-0,04290809137912219;Uso directo de PV e importacion/exportacion de red;Bateria ampliada;1;0,0
Sin control;10;Edificio B;12,0;2,4000000000000004;2,4000000000000004;3,75;3,75;0,95;0,95;0,4;1,8827181066819636;3,2;0,17;0,068;1,8827181066819636;2,4000000000000004;0,0;0,0;0,0;0,0;0,0;0,0;1,3172818933180366;0,0;0,08957516874562649;-0,08957516874562649;Uso directo de PV e importacion/exportacion de red;Bateria ampliada;1;0,0
Sin control;11;Edificio B;12,0;2,4000000000000004;2,4000000000000004;3,75;3,75;0,95;0,95;0,4;2,0438312019222438;3,8;0,15;0,06;2,0438312019222438;2,4000000000000004;0,0;0,0;0,0;0,0;0,0;0,0;1,756168798077756;0,0;0,10537012788466536;-0,10537012788466536;Uso directo de PV e importacion/exportacion de red;Bateria ampliada;1;0,0
Sin control;12;Edificio B;12,0;2,4000000000000004;2,4000000000000004;3,75;3,75;0,95;0,95;0,4;1,9062309089497604;4,0;0,14;0,05600000000000001;1,9062309089497604;2,4000000000000004;0,0;0,0;0,0;0,0;0,0;0,0;2,0937690910502393;0,0;0,11725106909881342;-0,11725106909881342;Uso directo de PV e importacion/exportacion de red;Bateria ampliada;1;0,0
Sin control;13;Edificio B;12,0;2,4000000000000004;2,4000000000000004;3,75;3,75;0,95;0,95;0,4;1,9323111832329727;3,7;0,15;0,06;1,9323111832329727;2,4000000000000004;0,0;0,0;0,0;0,0;0,0;0,0;1,7676888167670275;0,0;0,10606132900602165;-0,10606132900602165;Uso directo de PV e importacion/exportacion de red;Bateria ampliada;1;0,0
Sin control;14;Edificio B;12,0;2,4000000000000004;2,4000000000000004;3,75;3,75;0,95;0,95;0,4;2,080858748087118;3,0;0,17;0,068;2,080858748087118;2,4000000000000004;0,0;0,0;0,0;0,0;0,0;0,0;0,9191412519128819;0,0;0,06250160513007597;-0,06250160513007597;Uso directo de PV e importacion/exportacion de red;Bateria ampliada;1;0,0
Sin control;15;Edificio B;12,0;2,4000000000000004;2,4000000000000004;3,75;3,75;0,95;0,95;0,4;1,71057604502903;2,1;0,2;0,08000000000000002;1,71057604502903;2,4000000000000004;0,0;0,0;0,0;0,0;0,0;0,0;0,38942395497097015;0,0;0,031153916397677617;-0,031153916397677617;Uso directo de PV e importacion/exportacion de red;Bateria ampliada;1;0,0
Sin control;16;Edificio B;12,0;2,4000000000000004;2,4000000000000004;3,75;3,75;0,95;0,95;0,4;2,1971304255218276;1,2;0,23;0,09200000000000001;1,2;2,4000000000000004;0,0;0,0;0,0;0,0;0,0;0,9971304255218276;0,0;0,22933999787002035;0,0;0,22933999787002035;Uso directo de PV e importacion/exportacion de red;Bateria ampliada;1;0,0
Sin control;17;Edificio B;12,0;2,4000000000000004;2,4000000000000004;3,75;3,75;0,95;0,95;0,4;3,1762501829250436;0,4;0,28;0,11200000000000002;0,4;2,4000000000000004;0,0;0,0;0,0;0,0;0,0;2,7762501829250437;0,0;0,7773500512190124;0,0;0,7773500512190124;Uso directo de PV e importacion/exportacion de red;Bateria ampliada;1;0,0
Sin control;18;Edificio B;12,0;2,4000000000000004;2,4000000000000004;3,75;3,75;0,95;0,95;0,4;3,387819357605921;0,0;0,3;0,12;0,0;2,4000000000000004;0,0;0,0;0,0;0,0;0,0;3,387819357605921;0,0;1,0163458072817761;0,0;1,0163458072817761;Uso directo de PV e importacion/exportacion de red;Bateria ampliada;1;0,0
Sin control;19;Edificio B;12,0;2,4000000000000004;2,4000000000000004;3,75;3,75;0,95;0,95;0,4;3,2013537876459988;0,0;0,27;0,10800000000000001;0,0;2,4000000000000004;0,0;0,0;0,0;0,0;0,0;3,2013537876459988;0,0;0,8643655226644197;0,0;0,8643655226644197;Uso directo de PV e importacion/exportacion de red;Bateria ampliada;1;0,0
Sin control;20;Edificio B;12,0;2,4000000000000004;2,4000000000000004;3,75;3,75;0,95;0,95;0,4;2,6682838160139486;0,0;0,24;0,096;0,0;2,4000000000000004;0,0;0,0;0,0;0,0;0,0;2,6682838160139486;0,0;0,6403881158433476;0,0;0,6403881158433476;Uso directo de PV e importacion/exportacion de red;Bateria ampliada;1;0,0
Sin control;21;Edificio B;12,0;2,4000000000000004;2,4000000000000004;3,75;3,75;0,95;0,95;0,4;2,2765348744423064;0,0;0,2;0,08000000000000002;0,0;2,4000000000000004;0,0;0,0;0,0;0,0;0,0;2,2765348744423064;0,0;0,4553069748884613;0,0;0,4553069748884613;Uso directo de PV e importacion/exportacion de red;Bateria ampliada;1;0,0
Sin control;22;Edificio B;12,0;2,4000000000000004;2,4000000000000004;3,75;3,75;0,95;0,95;0,4;1,8384855678001943;0,0;0,17;0,068;0,0;2,4000000000000004;0,0;0,0;0,0;0,0;0,0;1,8384855678001943;0,0;0,3125425465260331;0,0;0,3125425465260331;Uso directo de PV e importacion/exportacion de red;Bateria ampliada;1;0,0
Sin control;23;Edificio B;12,0;2,4000000000000004;2,4000000000000004;3,75;3,75;0,95;0,95;0,4;1,2516831426845567;0,0;0,15;0,06;0,0;2,4000000000000004;0,0;0,0;0,0;0,0;0,0;1,2516831426845567;0,0;0,1877524714026835;0,0;0,1877524714026835;Uso directo de PV e importacion/exportacion de red;Bateria ampliada;1;0,0
Reglas;0;Edificio A;15,0;3,0;3,0;4,5;4,5;0,95;0,95;0,4;1,4436518045494862;0,0;0,14;0,05600000000000001;0,0;3,0;0,0;0,0;0,0;0,0;0,0;1,4436518045494862;0,0;0,20211125263692808;0,0;0,20211125263692808;Importa energia de red;Bateria ampliada;1;0,0
Reglas;1;Edificio A;15,0;3,0;3,0;4,5;4,5;0,95;0,95;0,4;0,9082365379524887;0,0;0,13;0,052000000000000005;0,0;3,0;0,0;0,0;0,0;0,0;0,0;0,9082365379524887;0,0;0,11807074993382354;0,0;0,11807074993382354;Importa energia de red;Bateria ampliada;1;0,0
Reglas;2;Edificio A;15,0;3,0;3,0;4,5;4,5;0,95;0,95;0,4;0,8207742371604817;0,0;0,12;0,048;0,0;3,0;0,0;0,0;0,0;0,0;0,0;0,8207742371604817;0,0;0,0984929084592578;0,0;0,0984929084592578;Importa energia de red;Bateria ampliada;1;0,0
Reglas;3;Edificio A;15,0;3,0;3,0;4,5;4,5;0,95;0,95;0,4;0,6390547066765745;0,0;0,12;0,048;0,0;3,0;0,0;0,0;0,0;0,0;0,0;0,6390547066765745;0,0;0,07668656480118893;0,0;0,07668656480118893;Importa energia de red;Bateria ampliada;1;0,0
Reglas;4;Edificio A;15,0;3,0;3,0;4,5;4,5;0,95;0,95;0,4;0,9298111443987018;0,0;0,13;0,052000000000000005;0,0;3,0;0,0;0,0;0,0;0,0;0,0;0,9298111443987018;0,0;0,12087544877183125;0,0;0,12087544877183125;Importa energia de red;Bateria ampliada;1;0,0
Reglas;5;Edificio A;15,0;3,0;3,0;4,5;4,5;0,95;0,95;0,4;0,6547691954679575;0,0;0,15;0,06;0,0;3,0;0,0;0,0;0,0;0,0;0,0;0,6547691954679575;0,0;0,09821537932019363;0,0;0,09821537932019363;Importa energia de red;Bateria ampliada;1;0,0
Reglas;6;Edificio A;15,0;3,0;3,0;4,5;4,5;0,95;0,95;0,4;1,761721764632472;0,3;0,18;0,072;0,3;3,0;0,0;0,0;0,0;0,0;0,0;1,461721764632472;0,0;0,26310991763384495;0,0;0,26310991763384495;Importa energia de red;Bateria ampliada;1;0,0
Reglas;7;Edificio A;15,0;3,0;3,0;4,5;4,5;0,95;0,95;0,4;2,0858189648657346;0,8;0,22;0,08800000000000001;0,8;3,0;0,0;0,0;0,0;0,0;0,0;1,2858189648657345;0,0;0,2828801722704616;0,0;0,2828801722704616;Importa energia de red;Bateria ampliada;1;0,0
Reglas;8;Edificio A;15,0;3,0;3,0;4,5;4,5;0,95;0,95;0,4;2,547855864408565;1,5;0,24;0,096;1,5;3,0;0,0;0,0;0,0;0,0;0,0;1,047855864408565;0,0;0,2514854074580556;0,0;0,2514854074580556;Importa energia de red;Bateria ampliada;1;0,0
Reglas;9;Edificio A;15,0;3,0;3,0;4,5;4,5;0,95;0,95;0,4;1,9625944436783884;2,4;0,2;0,08000000000000002;1,9625944436783884;3,415535278505531;0,4374055563216115;0,4155352785055309;0,0;0,0;0,021870277816080586;0,0;0,0;0,0;0,0;0,0;Carga bateria con excedente PV;Bateria ampliada;1;0,0
Reglas;10;Edificio A;15,0;3,0;3,0;4,5;4,5;0,95;0,95;0,4;2,0193161905567463;3,2;0,17;0,068;2,0193161905567463;4,537184897476622;1,180683809443254;1,1216496189710912;0,0;0,0;0,05903419047216274;0,0;0,0;0,0;0,0;0,0;Carga bateria con excedente PV;Bateria ampliada;1;0,0
Reglas;11;Edificio A;15,0;3,0;3,0;4,5;4,5;0,95;0,95;0,4;1,390978893575352;3,8;0,15;0,06;1,390978893575352;6,8257549485800375;2,409021106424648;2,2885700511034153;0,0;0,0;0,12045105532123257;0,0;0,0;0,0;0,0;0,0;Carga bateria con excedente PV;Bateria ampliada;1;0,0
Reglas;12;Edificio A;15,0;3,0;3,0;4,5;4,5;0,95;0,95;0,4;1,8516374193979739;4,0;0,14;0,05600000000000001;1,8516374193979739;8,866699400151962;2,148362580602026;2,040944451571925;0,0;0,0;0,10741812903010128;0,0;0,0;0,0;0,0;0,0;Carga bateria con excedente PV;Bateria ampliada;1;0,0
Reglas;13;Edificio A;15,0;3,0;3,0;4,5;4,5;0,95;0,95;0,4;2,0423918467997377;3,7;0,15;0,06;2,0423918467997377;10,441427145692211;1,6576081532002624;1,5747277455402493;0,0;0,0;0,08288040766001314;0,0;0,0;0,0;0,0;0,0;Carga bateria con excedente PV;Bateria ampliada;1;0,0
Reglas;14;Edificio A;15,0;3,0;3,0;4,5;4,5;0,95;0,95;0,4;2,1700654163503157;3,0;0,17;0,068;2,1700654163503157;11,22986500015941;0,8299345836496843;0,7884378544672;0,0;0,0;0,04149672918248426;0,0;0,0;0,0;0,0;0,0;Carga bateria con excedente PV;Bateria ampliada;1;0,0
Reglas;15;Edificio A;15,0;3,0;3,0;4,5;4,5;0,95;0,95;0,4;1,6350163099028954;2,1;0,2;0,08000000000000002;1,6350163099028954;11,67159950575166;0,4649836900971047;0,44173450559224947;0,0;0,0;0,023249184504855247;0,0;0,0;0,0;0,0;0,0;Carga bateria con excedente PV;Bateria ampliada;1;0,0
Reglas;16;Edificio A;15,0;3,0;3,0;4,5;4,5;0,95;0,95;0,4;2,1741357688674348;1,2;0,23;0,09200000000000001;1,2;10,646193433259622;0,0;0,0;0,9741357688674348;1,0254060724920366;0,05127030362460183;0,0;0,0;0,0;0,0;0,0;Descarga bateria por precio elevado o demanda alta;Bateria ampliada;1;0,0
Reglas;17;Edificio A;15,0;3,0;3,0;4,5;4,5;0,95;0,95;0,4;2,868321237311794;0,4;0,28;0,11200000000000002;0,4;8,047960551878786;0,0;0,0;2,468321237311794;2,598232881380836;0,129911644069042;0,0;0,0;0,0;0,0;0,0;Descarga bateria por precio elevado o demanda alta;Bateria ampliada;1;0,0
Reglas;18;Edificio A;15,0;3,0;3,0;4,5;4,5;0,95;0,95;0,4;3,506332062007339;0,0;0,3;0,12;0,0;4,357084697134219;0,0;0,0;3,506332062007339;3,6908758547445673;0,18454379273722843;0,0;0,0;0,0;0,0;0,0;Descarga bateria por precio elevado o demanda alta;Bateria ampliada;1;0,0
Reglas;19;Edificio A;15,0;3,0;3,0;4,5;4,5;0,95;0,95;0,4;3,2874222820573733;0,0;0,27;0,10800000000000001;0,0;3,0;0,0;0,0;1,2892304622775081;1,3570846971342192;0,06785423485671105;1,9981918197798652;0,0;0,5395117913405636;0,0;0,5395117913405636;Descarga bateria por precio elevado o demanda alta;Bateria ampliada;1;0,0
Reglas;20;Edificio A;15,0;3,0;3,0;4,5;4,5;0,95;0,95;0,4;2,6349071234180617;0,0;0,24;0,096;0,0;3,0;0,0;0,0;0,0;0,0;0,0;2,6349071234180617;0,0;0,6323777096203348;0,0;0,6323777096203348;Importa energia de red;Bateria ampliada;1;0,0
Reglas;21;Edificio A;15,0;3,0;3,0;4,5;4,5;0,95;0,95;0,4;2,471708556475942;0,0;0,2;0,08000000000000002;0,0;3,0;0,0;0,0;0,0;0,0;0,0;2,471708556475942;0,0;0,4943417112951884;0,0;0,4943417112951884;Importa energia de red;Bateria ampliada;1;0,0
Reglas;22;Edificio A;15,0;3,0;3,0;4,5;4,5;0,95;0,95;0,4;1,9352386080889195;0,0;0,17;0,068;0,0;3,0;0,0;0,0;0,0;0,0;0,0;1,9352386080889195;0,0;0,32899056337511634;0,0;0,32899056337511634;Importa energia de red;Bateria ampliada;1;0,0
Reglas;23;Edificio A;15,0;3,0;3,0;4,5;4,5;0,95;0,95;0,4;1,4753741508352802;0,0;0,15;0,06;0,0;3,0;0,0;0,0;0,0;0,0;0,0;1,4753741508352802;0,0;0,22130612262529203;0,0;0,22130612262529203;Importa energia de red;Bateria ampliada;1;0,0
Reglas;0;Edificio B;12,0;2,4000000000000004;2,4000000000000004;3,75;3,75;0,95;0,95;0,4;1,1374863228891794;0,0;0,14;0,05600000000000001;0,0;2,4000000000000004;0,0;0,0;0,0;0,0;0,0;1,1374863228891794;0,0;0,15924808520448513;0,0;0,15924808520448513;Importa energia de red;Bateria ampliada;1;0,0
Reglas;1;Edificio B;12,0;2,4000000000000004;2,4000000000000004;3,75;3,75;0,95;0,95;0,4;0,9915599759160506;0,0;0,13;0,052000000000000005;0,0;2,4000000000000004;0,0;0,0;0,0;0,0;0,0;0,9915599759160506;0,0;0,1289027968690866;0,0;0,1289027968690866;Importa energia de red;Bateria ampliada;1;0,0
Reglas;2;Edificio B;12,0;2,4000000000000004;2,4000000000000004;3,75;3,75;0,95;0,95;0,4;0,579570585649732;0,0;0,12;0,048;0,0;2,4000000000000004;0,0;0,0;0,0;0,0;0,0;0,579570585649732;0,0;0,06954847027796783;0,0;0,06954847027796783;Importa energia de red;Bateria ampliada;1;0,0
Reglas;3;Edificio B;12,0;2,4000000000000004;2,4000000000000004;3,75;3,75;0,95;0,95;0,4;1,0460406212607483;0,0;0,12;0,048;0,0;2,4000000000000004;0,0;0,0;0,0;0,0;0,0;1,0460406212607483;0,0;0,1255248745512898;0,0;0,1255248745512898;Importa energia de red;Bateria ampliada;1;0,0
Reglas;4;Edificio B;12,0;2,4000000000000004;2,4000000000000004;3,75;3,75;0,95;0,95;0,4;0,5309846622207706;0,0;0,13;0,052000000000000005;0,0;2,4000000000000004;0,0;0,0;0,0;0,0;0,0;0,5309846622207706;0,0;0,06902800608870018;0,0;0,06902800608870018;Importa energia de red;Bateria ampliada;1;0,0
Reglas;5;Edificio B;12,0;2,4000000000000004;2,4000000000000004;3,75;3,75;0,95;0,95;0,4;0,8737378951515694;0,0;0,15;0,06;0,0;2,4000000000000004;0,0;0,0;0,0;0,0;0,0;0,8737378951515694;0,0;0,1310606842727354;0,0;0,1310606842727354;Importa energia de red;Bateria ampliada;1;0,0
Reglas;6;Edificio B;12,0;2,4000000000000004;2,4000000000000004;3,75;3,75;0,95;0,95;0,4;1,5754322125737064;0,3;0,18;0,072;0,3;2,4000000000000004;0,0;0,0;0,0;0,0;0,0;1,2754322125737063;0,0;0,22957779826326713;0,0;0,22957779826326713;Importa energia de red;Bateria ampliada;1;0,0
Reglas;7;Edificio B;12,0;2,4000000000000004;2,4000000000000004;3,75;3,75;0,95;0,95;0,4;2,0132067870089156;0,8;0,22;0,08800000000000001;0,8;2,4000000000000004;0,0;0,0;0,0;0,0;0,0;1,2132067870089156;0,0;0,26690549314196144;0,0;0,26690549314196144;Importa energia de red;Bateria ampliada;1;0,0
Reglas;8;Edificio B;12,0;2,4000000000000004;2,4000000000000004;3,75;3,75;0,95;0,95;0,4;2,3413071671706494;1,5;0,24;0,096;1,5;2,4000000000000004;0,0;0,0;0,0;0,0;0,0;0,8413071671706494;0,0;0,20191372012095585;0,0;0,20191372012095585;Importa energia de red;Bateria ampliada;1;0,0
Reglas;9;Edificio B;12,0;2,4000000000000004;2,4000000000000004;3,75;3,75;0,95;0,95;0,4;1,8636488577609727;2,4;0,2;0,08000000000000002;1,8636488577609727;2,9095335851270763;0,5363511422390272;0,5095335851270758;0,0;0,0;0,02681755711195144;0,0;0,0;0,0;0,0;0,0;Carga bateria con excedente PV;Bateria ampliada;1;0,0
Reglas;10;Edificio B;12,0;2,4000000000000004;2,4000000000000004;3,75;3,75;0,95;0,95;0,4;1,8827181066819636;3,2;0,17;0,068;1,8827181066819636;4,160951383779211;1,3172818933180366;1,2514177986521346;0,0;0,0;0,06586409466590193;0,0;0,0;0,0;0,0;0,0;Carga bateria con excedente PV;Bateria ampliada;1;0,0
Reglas;11;Edificio B;12,0;2,4000000000000004;2,4000000000000004;3,75;3,75;0,95;0,95;0,4;2,0438312019222438;3,8;0,15;0,06;2,0438312019222438;5,829311741953079;1,756168798077756;1,6683603581738682;0,0;0,0;0,08780843990388787;0,0;0,0;0,0;0,0;0,0;Carga bateria con excedente PV;Bateria ampliada;1;0,0
Reglas;12;Edificio B;12,0;2,4000000000000004;2,4000000000000004;3,75;3,75;0,95;0,95;0,4;1,9062309089497604;4,0;0,14;0,05600000000000001;1,9062309089497604;7,818392378450806;2,0937690910502393;1,9890806364977274;0,0;0,0;0,10468845455251197;0,0;0,0;0,0;0,0;0,0;Carga bateria con excedente PV;Bateria ampliada;1;0,0
Reglas;13;Edificio B;12,0;2,4000000000000004;2,4000000000000004;3,75;3,75;0,95;0,95;0,4;1,9323111832329727;3,7;0,15;0,06;1,9323111832329727;9,497696754379483;1,7676888167670275;1,679304375928676;0,0;0,0;0,0883844408383514;0,0;0,0;0,0;0,0;0,0;Carga bateria con excedente PV;Bateria ampliada;1;0,0
Reglas;14;Edificio B;12,0;2,4000000000000004;2,4000000000000004;3,75;3,75;0,95;0,95;0,4;2,080858748087118;3,0;0,17;0,068;2,080858748087118;10,37088094369672;0,9191412519128819;0,8731841893172377;0,0;0,0;0,04595706259564414;0,0;0,0;0,0;0,0;0,0;Carga bateria con excedente PV;Bateria ampliada;1;0,0
Reglas;15;Edificio B;12,0;2,4000000000000004;2,4000000000000004;3,75;3,75;0,95;0,95;0,4;1,71057604502903;2,1;0,2;0,08000000000000002;1,71057604502903;10,740833700919142;0,38942395497097015;0,3699527572224216;0,0;0,0;0,019471197748548552;0,0;0,0;0,0;0,0;0,0;Carga bateria con excedente PV;Bateria ampliada;1;0,0
Reglas;16;Edificio B;12,0;2,4000000000000004;2,4000000000000004;3,75;3,75;0,95;0,95;0,4;2,1971304255218276;1,2;0,23;0,09200000000000001;1,2;9,69122272668564;0,0;0,0;0,9971304255218276;1,049610974233503;0,05248054871167529;0,0;0,0;0,0;0,0;0,0;Descarga bateria por precio elevado o demanda alta;Bateria ampliada;1;0,0
Reglas;17;Edificio B;12,0;2,4000000000000004;2,4000000000000004;3,75;3,75;0,95;0,95;0,4;3,1762501829250436;0,4;0,28;0,11200000000000002;0,4;6,76885411308033;0,0;0,0;2,7762501829250437;2,9223686136053093;0,14611843068026564;0,0;0,0;0,0;0,0;0,0;Descarga bateria por precio elevado o demanda alta;Bateria ampliada;1;0,0
Reglas;18;Edificio B;12,0;2,4000000000000004;2,4000000000000004;3,75;3,75;0,95;0,95;0,4;3,387819357605921;0,0;0,3;0,12;0,0;3,20272847349515;0,0;0,0;3,387819357605921;3,56612563958518;0,17830628197925913;0,0;0,0;0,0;0,0;0,0;Descarga bateria por precio elevado o demanda alta;Bateria ampliada;1;0,0
Reglas;19;Edificio B;12,0;2,4000000000000004;2,4000000000000004;3,75;3,75;0,95;0,95;0,4;3,2013537876459988;0,0;0,27;0,10800000000000001;0,0;2,4000000000000004;0,0;0,0;0,7625920498203923;0,8027284734951499;0,04013642367475756;2,4387617378256063;0,0;0,6584656692129137;0,0;0,6584656692129137;Descarga bateria por precio elevado o demanda alta;Bateria ampliada;1;0,0
Reglas;20;Edificio B;12,0;2,4000000000000004;2,4000000000000004;3,75;3,75;0,95;0,95;0,4;2,6682838160139486;0,0;0,24;0,096;0,0;2,4000000000000004;0,0;0,0;0,0;0,0;0,0;2,6682838160139486;0,0;0,6403881158433476;0,0;0,6403881158433476;Importa energia de red;Bateria ampliada;1;0,0
Reglas;21;Edificio B;12,0;2,4000000000000004;2,4000000000000004;3,75;3,75;0,95;0,95;0,4;2,2765348744423064;0,0;0,2;0,08000000000000002;0,0;2,4000000000000004;0,0;0,0;0,0;0,0;0,0;2,2765348744423064;0,0;0,4553069748884613;0,0;0,4553069748884613;Importa energia de red;Bateria ampliada;1;0,0
Reglas;22;Edificio B;12,0;2,4000000000000004;2,4000000000000004;3,75;3,75;0,95;0,95;0,4;1,8384855678001943;0,0;0,17;0,068;0,0;2,4000000000000004;0,0;0,0;0,0;0,0;0,0;1,8384855678001943;0,0;0,3125425465260331;0,0;0,3125425465260331;Importa energia de red;Bateria ampliada;1;0,0
Reglas;23;Edificio B;12,0;2,4000000000000004;2,4000000000000004;3,75;3,75;0,95;0,95;0,4;1,2516831426845567;0,0;0,15;0,06;0,0;2,4000000000000004;0,0;0,0;0,0;0,0;0,0;1,2516831426845567;0,0;0,1877524714026835;0,0;0,1877524714026835;Importa energia de red;Bateria ampliada;1;0,0
Reglas + decision avanzada;0;Edificio A;15,0;3,0;3,0;4,5;4,5;0,95;0,95;0,4;1,4436518045494862;0,0;0,14;0,05600000000000001;0,0;3,0;0,0;0,0;0,0;0,0;0,0;1,4436518045494862;0,0;0,20211125263692808;0,0;0,20211125263692808;Reserva bateria e importa energia de red;Bateria ampliada;1;0,0
Reglas + decision avanzada;1;Edificio A;15,0;3,0;3,0;4,5;4,5;0,95;0,95;0,4;0,9082365379524887;0,0;0,13;0,052000000000000005;0,0;3,0;0,0;0,0;0,0;0,0;0,0;0,9082365379524887;0,0;0,11807074993382354;0,0;0,11807074993382354;Reserva bateria e importa energia de red;Bateria ampliada;1;0,0
Reglas + decision avanzada;2;Edificio A;15,0;3,0;3,0;4,5;4,5;0,95;0,95;0,4;0,8207742371604817;0,0;0,12;0,048;0,0;3,0;0,0;0,0;0,0;0,0;0,0;0,8207742371604817;0,0;0,0984929084592578;0,0;0,0984929084592578;Reserva bateria e importa energia de red;Bateria ampliada;1;0,0
Reglas + decision avanzada;3;Edificio A;15,0;3,0;3,0;4,5;4,5;0,95;0,95;0,4;0,6390547066765745;0,0;0,12;0,048;0,0;3,0;0,0;0,0;0,0;0,0;0,0;0,6390547066765745;0,0;0,07668656480118893;0,0;0,07668656480118893;Reserva bateria e importa energia de red;Bateria ampliada;1;0,0
Reglas + decision avanzada;4;Edificio A;15,0;3,0;3,0;4,5;4,5;0,95;0,95;0,4;0,9298111443987018;0,0;0,13;0,052000000000000005;0,0;3,0;0,0;0,0;0,0;0,0;0,0;0,9298111443987018;0,0;0,12087544877183125;0,0;0,12087544877183125;Reserva bateria e importa energia de red;Bateria ampliada;1;0,0
Reglas + decision avanzada;5;Edificio A;15,0;3,0;3,0;4,5;4,5;0,95;0,95;0,4;0,6547691954679575;0,0;0,15;0,06;0,0;3,0;0,0;0,0;0,0;0,0;0,0;0,6547691954679575;0,0;0,09821537932019363;0,0;0,09821537932019363;Reserva bateria e importa energia de red;Bateria ampliada;1;0,0
Reglas + decision avanzada;6;Edificio A;15,0;3,0;3,0;4,5;4,5;0,95;0,95;0,4;1,761721764632472;0,3;0,18;0,072;0,3;3,0;0,0;0,0;0,0;0,0;0,0;1,461721764632472;0,0;0,26310991763384495;0,0;0,26310991763384495;Reserva bateria e importa energia de red;Bateria ampliada;1;0,0
Reglas + decision avanzada;7;Edificio A;15,0;3,0;3,0;4,5;4,5;0,95;0,95;0,4;2,0858189648657346;0,8;0,22;0,08800000000000001;0,8;3,0;0,0;0,0;0,0;0,0;0,0;1,2858189648657345;0,0;0,2828801722704616;0,0;0,2828801722704616;Reserva bateria e importa energia de red;Bateria ampliada;1;0,0
Reglas + decision avanzada;8;Edificio A;15,0;3,0;3,0;4,5;4,5;0,95;0,95;0,4;2,547855864408565;1,5;0,24;0,096;1,5;3,0;0,0;0,0;0,0;0,0;0,0;1,047855864408565;0,0;0,2514854074580556;0,0;0,2514854074580556;Reserva bateria e importa energia de red;Bateria ampliada;1;0,0
Reglas + decision avanzada;9;Edificio A;15,0;3,0;3,0;4,5;4,5;0,95;0,95;0,4;1,9625944436783884;2,4;0,2;0,08000000000000002;1,9625944436783884;3,415535278505531;0,4374055563216115;0,4155352785055309;0,0;0,0;0,021870277816080586;0,0;0,0;0,0;0,0;0,0;Carga bateria con excedente PV;Bateria ampliada;1;0,0
Reglas + decision avanzada;10;Edificio A;15,0;3,0;3,0;4,5;4,5;0,95;0,95;0,4;2,0193161905567463;3,2;0,17;0,068;2,0193161905567463;4,537184897476622;1,180683809443254;1,1216496189710912;0,0;0,0;0,05903419047216274;0,0;0,0;0,0;0,0;0,0;Carga bateria con excedente PV;Bateria ampliada;1;0,0
Reglas + decision avanzada;11;Edificio A;15,0;3,0;3,0;4,5;4,5;0,95;0,95;0,4;1,390978893575352;3,8;0,15;0,06;1,390978893575352;6,8257549485800375;2,409021106424648;2,2885700511034153;0,0;0,0;0,12045105532123257;0,0;0,0;0,0;0,0;0,0;Carga bateria con excedente PV;Bateria ampliada;1;0,0
Reglas + decision avanzada;12;Edificio A;15,0;3,0;3,0;4,5;4,5;0,95;0,95;0,4;1,8516374193979739;4,0;0,14;0,05600000000000001;1,8516374193979739;8,866699400151962;2,148362580602026;2,040944451571925;0,0;0,0;0,10741812903010128;0,0;0,0;0,0;0,0;0,0;Carga bateria con excedente PV;Bateria ampliada;1;0,0
Reglas + decision avanzada;13;Edificio A;15,0;3,0;3,0;4,5;4,5;0,95;0,95;0,4;2,0423918467997377;3,7;0,15;0,06;2,0423918467997377;10,441427145692211;1,6576081532002624;1,5747277455402493;0,0;0,0;0,08288040766001314;0,0;0,0;0,0;0,0;0,0;Carga bateria con excedente PV;Bateria ampliada;1;0,0
Reglas + decision avanzada;14;Edificio A;15,0;3,0;3,0;4,5;4,5;0,95;0,95;0,4;2,1700654163503157;3,0;0,17;0,068;2,1700654163503157;11,22986500015941;0,8299345836496843;0,7884378544672;0,0;0,0;0,04149672918248426;0,0;0,0;0,0;0,0;0,0;Carga bateria con excedente PV;Bateria ampliada;1;0,0
Reglas + decision avanzada;15;Edificio A;15,0;3,0;3,0;4,5;4,5;0,95;0,95;0,4;1,6350163099028954;2,1;0,2;0,08000000000000002;1,6350163099028954;11,67159950575166;0,4649836900971047;0,44173450559224947;0,0;0,0;0,023249184504855247;0,0;0,0;0,0;0,0;0,0;Carga bateria con excedente PV;Bateria ampliada;1;0,0
Reglas + decision avanzada;16;Edificio A;15,0;3,0;3,0;4,5;4,5;0,95;0,95;0,4;2,1741357688674348;1,2;0,23;0,09200000000000001;1,2;10,646193433259622;0,0;0,0;0,9741357688674348;1,0254060724920366;0,05127030362460183;0,0;0,0;0,0;0,0;0,0;Descarga bateria por apoyo avanzado a la decision;Bateria ampliada;1;0,0
Reglas + decision avanzada;17;Edificio A;15,0;3,0;3,0;4,5;4,5;0,95;0,95;0,4;2,868321237311794;0,4;0,28;0,11200000000000002;0,4;8,047960551878786;0,0;0,0;2,468321237311794;2,598232881380836;0,129911644069042;0,0;0,0;0,0;0,0;0,0;Descarga bateria por apoyo avanzado a la decision;Bateria ampliada;1;0,0
Reglas + decision avanzada;18;Edificio A;15,0;3,0;3,0;4,5;4,5;0,95;0,95;0,4;3,506332062007339;0,0;0,3;0,12;0,0;4,357084697134219;0,0;0,0;3,506332062007339;3,6908758547445673;0,18454379273722843;0,0;0,0;0,0;0,0;0,0;Descarga bateria por apoyo avanzado a la decision;Bateria ampliada;1;0,0
Reglas + decision avanzada;19;Edificio A;15,0;3,0;3,0;4,5;4,5;0,95;0,95;0,4;3,2874222820573733;0,0;0,27;0,10800000000000001;0,0;3,0;0,0;0,0;1,2892304622775081;1,3570846971342192;0,06785423485671105;1,9981918197798652;0,0;0,5395117913405636;0,0;0,5395117913405636;Descarga bateria por apoyo avanzado a la decision;Bateria ampliada;1;0,0
Reglas + decision avanzada;20;Edificio A;15,0;3,0;3,0;4,5;4,5;0,95;0,95;0,4;2,6349071234180617;0,0;0,24;0,096;0,0;3,0;0,0;0,0;0,0;0,0;0,0;2,6349071234180617;0,0;0,6323777096203348;0,0;0,6323777096203348;Reserva bateria e importa energia de red;Bateria ampliada;1;0,0
Reglas + decision avanzada;21;Edificio A;15,0;3,0;3,0;4,5;4,5;0,95;0,95;0,4;2,471708556475942;0,0;0,2;0,08000000000000002;0,0;3,0;0,0;0,0;0,0;0,0;0,0;2,471708556475942;0,0;0,4943417112951884;0,0;0,4943417112951884;Reserva bateria e importa energia de red;Bateria ampliada;1;0,0
Reglas + decision avanzada;22;Edificio A;15,0;3,0;3,0;4,5;4,5;0,95;0,95;0,4;1,9352386080889195;0,0;0,17;0,068;0,0;3,0;0,0;0,0;0,0;0,0;0,0;1,9352386080889195;0,0;0,32899056337511634;0,0;0,32899056337511634;Reserva bateria e importa energia de red;Bateria ampliada;1;0,0
Reglas + decision avanzada;23;Edificio A;15,0;3,0;3,0;4,5;4,5;0,95;0,95;0,4;1,4753741508352802;0,0;0,15;0,06;0,0;3,0;0,0;0,0;0,0;0,0;0,0;1,4753741508352802;0,0;0,22130612262529203;0,0;0,22130612262529203;Reserva bateria e importa energia de red;Bateria ampliada;1;0,0
Reglas + decision avanzada;0;Edificio B;12,0;2,4000000000000004;2,4000000000000004;3,75;3,75;0,95;0,95;0,4;1,1374863228891794;0,0;0,14;0,05600000000000001;0,0;2,4000000000000004;0,0;0,0;0,0;0,0;0,0;1,1374863228891794;0,0;0,15924808520448513;0,0;0,15924808520448513;Reserva bateria e importa energia de red;Bateria ampliada;1;0,0
Reglas + decision avanzada;1;Edificio B;12,0;2,4000000000000004;2,4000000000000004;3,75;3,75;0,95;0,95;0,4;0,9915599759160506;0,0;0,13;0,052000000000000005;0,0;2,4000000000000004;0,0;0,0;0,0;0,0;0,0;0,9915599759160506;0,0;0,1289027968690866;0,0;0,1289027968690866;Reserva bateria e importa energia de red;Bateria ampliada;1;0,0
Reglas + decision avanzada;2;Edificio B;12,0;2,4000000000000004;2,4000000000000004;3,75;3,75;0,95;0,95;0,4;0,579570585649732;0,0;0,12;0,048;0,0;2,4000000000000004;0,0;0,0;0,0;0,0;0,0;0,579570585649732;0,0;0,06954847027796783;0,0;0,06954847027796783;Reserva bateria e importa energia de red;Bateria ampliada;1;0,0
Reglas + decision avanzada;3;Edificio B;12,0;2,4000000000000004;2,4000000000000004;3,75;3,75;0,95;0,95;0,4;1,0460406212607483;0,0;0,12;0,048;0,0;2,4000000000000004;0,0;0,0;0,0;0,0;0,0;1,0460406212607483;0,0;0,1255248745512898;0,0;0,1255248745512898;Reserva bateria e importa energia de red;Bateria ampliada;1;0,0
Reglas + decision avanzada;4;Edificio B;12,0;2,4000000000000004;2,4000000000000004;3,75;3,75;0,95;0,95;0,4;0,5309846622207706;0,0;0,13;0,052000000000000005;0,0;2,4000000000000004;0,0;0,0;0,0;0,0;0,0;0,5309846622207706;0,0;0,06902800608870018;0,0;0,06902800608870018;Reserva bateria e importa energia de red;Bateria ampliada;1;0,0
Reglas + decision avanzada;5;Edificio B;12,0;2,4000000000000004;2,4000000000000004;3,75;3,75;0,95;0,95;0,4;0,8737378951515694;0,0;0,15;0,06;0,0;2,4000000000000004;0,0;0,0;0,0;0,0;0,0;0,8737378951515694;0,0;0,1310606842727354;0,0;0,1310606842727354;Reserva bateria e importa energia de red;Bateria ampliada;1;0,0
Reglas + decision avanzada;6;Edificio B;12,0;2,4000000000000004;2,4000000000000004;3,75;3,75;0,95;0,95;0,4;1,5754322125737064;0,3;0,18;0,072;0,3;2,4000000000000004;0,0;0,0;0,0;0,0;0,0;1,2754322125737063;0,0;0,22957779826326713;0,0;0,22957779826326713;Reserva bateria e importa energia de red;Bateria ampliada;1;0,0
Reglas + decision avanzada;7;Edificio B;12,0;2,4000000000000004;2,4000000000000004;3,75;3,75;0,95;0,95;0,4;2,0132067870089156;0,8;0,22;0,08800000000000001;0,8;2,4000000000000004;0,0;0,0;0,0;0,0;0,0;1,2132067870089156;0,0;0,26690549314196144;0,0;0,26690549314196144;Reserva bateria e importa energia de red;Bateria ampliada;1;0,0
Reglas + decision avanzada;8;Edificio B;12,0;2,4000000000000004;2,4000000000000004;3,75;3,75;0,95;0,95;0,4;2,3413071671706494;1,5;0,24;0,096;1,5;2,4000000000000004;0,0;0,0;0,0;0,0;0,0;0,8413071671706494;0,0;0,20191372012095585;0,0;0,20191372012095585;Reserva bateria e importa energia de red;Bateria ampliada;1;0,0
Reglas + decision avanzada;9;Edificio B;12,0;2,4000000000000004;2,4000000000000004;3,75;3,75;0,95;0,95;0,4;1,8636488577609727;2,4;0,2;0,08000000000000002;1,8636488577609727;2,9095335851270763;0,5363511422390272;0,5095335851270758;0,0;0,0;0,02681755711195144;0,0;0,0;0,0;0,0;0,0;Carga bateria con excedente PV;Bateria ampliada;1;0,0
Reglas + decision avanzada;10;Edificio B;12,0;2,4000000000000004;2,4000000000000004;3,75;3,75;0,95;0,95;0,4;1,8827181066819636;3,2;0,17;0,068;1,8827181066819636;4,160951383779211;1,3172818933180366;1,2514177986521346;0,0;0,0;0,06586409466590193;0,0;0,0;0,0;0,0;0,0;Carga bateria con excedente PV;Bateria ampliada;1;0,0
Reglas + decision avanzada;11;Edificio B;12,0;2,4000000000000004;2,4000000000000004;3,75;3,75;0,95;0,95;0,4;2,0438312019222438;3,8;0,15;0,06;2,0438312019222438;5,829311741953079;1,756168798077756;1,6683603581738682;0,0;0,0;0,08780843990388787;0,0;0,0;0,0;0,0;0,0;Carga bateria con excedente PV;Bateria ampliada;1;0,0
Reglas + decision avanzada;12;Edificio B;12,0;2,4000000000000004;2,4000000000000004;3,75;3,75;0,95;0,95;0,4;1,9062309089497604;4,0;0,14;0,05600000000000001;1,9062309089497604;7,818392378450806;2,0937690910502393;1,9890806364977274;0,0;0,0;0,10468845455251197;0,0;0,0;0,0;0,0;0,0;Carga bateria con excedente PV;Bateria ampliada;1;0,0
Reglas + decision avanzada;13;Edificio B;12,0;2,4000000000000004;2,4000000000000004;3,75;3,75;0,95;0,95;0,4;1,9323111832329727;3,7;0,15;0,06;1,9323111832329727;9,497696754379483;1,7676888167670275;1,679304375928676;0,0;0,0;0,0883844408383514;0,0;0,0;0,0;0,0;0,0;Carga bateria con excedente PV;Bateria ampliada;1;0,0
Reglas + decision avanzada;14;Edificio B;12,0;2,4000000000000004;2,4000000000000004;3,75;3,75;0,95;0,95;0,4;2,080858748087118;3,0;0,17;0,068;2,080858748087118;10,37088094369672;0,9191412519128819;0,8731841893172377;0,0;0,0;0,04595706259564414;0,0;0,0;0,0;0,0;0,0;Carga bateria con excedente PV;Bateria ampliada;1;0,0
Reglas + decision avanzada;15;Edificio B;12,0;2,4000000000000004;2,4000000000000004;3,75;3,75;0,95;0,95;0,4;1,71057604502903;2,1;0,2;0,08000000000000002;1,71057604502903;10,740833700919142;0,38942395497097015;0,3699527572224216;0,0;0,0;0,019471197748548552;0,0;0,0;0,0;0,0;0,0;Carga bateria con excedente PV;Bateria ampliada;1;0,0
Reglas + decision avanzada;16;Edificio B;12,0;2,4000000000000004;2,4000000000000004;3,75;3,75;0,95;0,95;0,4;2,1971304255218276;1,2;0,23;0,09200000000000001;1,2;9,69122272668564;0,0;0,0;0,9971304255218276;1,049610974233503;0,05248054871167529;0,0;0,0;0,0;0,0;0,0;Descarga bateria por apoyo avanzado a la decision;Bateria ampliada;1;0,0
Reglas + decision avanzada;17;Edificio B;12,0;2,4000000000000004;2,4000000000000004;3,75;3,75;0,95;0,95;0,4;3,1762501829250436;0,4;0,28;0,11200000000000002;0,4;6,76885411308033;0,0;0,0;2,7762501829250437;2,9223686136053093;0,14611843068026564;0,0;0,0;0,0;0,0;0,0;Descarga bateria por apoyo avanzado a la decision;Bateria ampliada;1;0,0
Reglas + decision avanzada;18;Edificio B;12,0;2,4000000000000004;2,4000000000000004;3,75;3,75;0,95;0,95;0,4;3,387819357605921;0,0;0,3;0,12;0,0;3,20272847349515;0,0;0,0;3,387819357605921;3,56612563958518;0,17830628197925913;0,0;0,0;0,0;0,0;0,0;Descarga bateria por apoyo avanzado a la decision;Bateria ampliada;1;0,0
Reglas + decision avanzada;19;Edificio B;12,0;2,4000000000000004;2,4000000000000004;3,75;3,75;0,95;0,95;0,4;3,2013537876459988;0,0;0,27;0,10800000000000001;0,0;2,4000000000000004;0,0;0,0;0,7625920498203923;0,8027284734951499;0,04013642367475756;2,4387617378256063;0,0;0,6584656692129137;0,0;0,6584656692129137;Descarga bateria por apoyo avanzado a la decision;Bateria ampliada;1;0,0
Reglas + decision avanzada;20;Edificio B;12,0;2,4000000000000004;2,4000000000000004;3,75;3,75;0,95;0,95;0,4;2,6682838160139486;0,0;0,24;0,096;0,0;2,4000000000000004;0,0;0,0;0,0;0,0;0,0;2,6682838160139486;0,0;0,6403881158433476;0,0;0,6403881158433476;Reserva bateria e importa energia de red;Bateria ampliada;1;0,0
Reglas + decision avanzada;21;Edificio B;12,0;2,4000000000000004;2,4000000000000004;3,75;3,75;0,95;0,95;0,4;2,2765348744423064;0,0;0,2;0,08000000000000002;0,0;2,4000000000000004;0,0;0,0;0,0;0,0;0,0;2,2765348744423064;0,0;0,4553069748884613;0,0;0,4553069748884613;Reserva bateria e importa energia de red;Bateria ampliada;1;0,0
Reglas + decision avanzada;22;Edificio B;12,0;2,4000000000000004;2,4000000000000004;3,75;3,75;0,95;0,95;0,4;1,8384855678001943;0,0;0,17;0,068;0,0;2,4000000000000004;0,0;0,0;0,0;0,0;0,0;1,8384855678001943;0,0;0,3125425465260331;0,0;0,3125425465260331;Reserva bateria e importa energia de red;Bateria ampliada;1;0,0
Reglas + decision avanzada;23;Edificio B;12,0;2,4000000000000004;2,4000000000000004;3,75;3,75;0,95;0,95;0,4;1,2516831426845567;0,0;0,15;0,06;0,0;2,4000000000000004;0,0;0,0;0,0;0,0;0,0;1,2516831426845567;0,0;0,1877524714026835;0,0;0,1877524714026835;Reserva bateria e importa energia de red;Bateria ampliada;1;0,0
Sin control;0;Edificio A;10,0;2,0;2,0;3,0;3,0;0,95;0,95;0,4;1,7323821654593834;0,0;0,168;0,06720000000000001;0,0;2,0;0,0;0,0;0,0;0,0;0,0;1,7323821654593834;0,0;0,29104020379717643;0,0;0,29104020379717643;Uso directo de PV e importacion/exportacion de red;Estres combinado;1;0,0
Sin control;1;Edificio A;10,0;2,0;2,0;3,0;3,0;0,95;0,95;0,4;1,0898838455429865;0,0;0,156;0,062400000000000004;0,0;2,0;0,0;0,0;0,0;0,0;0,0;1,0898838455429865;0,0;0,17002187990470588;0,0;0,17002187990470588;Uso directo de PV e importacion/exportacion de red;Estres combinado;1;0,0
Sin control;2;Edificio A;10,0;2,0;2,0;3,0;3,0;0,95;0,95;0,4;0,984929084592578;0,0;0,144;0,0576;0,0;2,0;0,0;0,0;0,0;0,0;0,0;0,984929084592578;0,0;0,1418297881813312;0,0;0,1418297881813312;Uso directo de PV e importacion/exportacion de red;Estres combinado;1;0,0
Sin control;3;Edificio A;10,0;2,0;2,0;3,0;3,0;0,95;0,95;0,4;0,7668656480118894;0,0;0,144;0,0576;0,0;2,0;0,0;0,0;0,0;0,0;0,0;0,7668656480118894;0,0;0,11042865331371206;0,0;0,11042865331371206;Uso directo de PV e importacion/exportacion de red;Estres combinado;1;0,0
Sin control;4;Edificio A;10,0;2,0;2,0;3,0;3,0;0,95;0,95;0,4;1,115773373278442;0,0;0,156;0,062400000000000004;0,0;2,0;0,0;0,0;0,0;0,0;0,0;1,115773373278442;0,0;0,17406064623143697;0,0;0,17406064623143697;Uso directo de PV e importacion/exportacion de red;Estres combinado;1;0,0
Sin control;5;Edificio A;10,0;2,0;2,0;3,0;3,0;0,95;0,95;0,4;0,785723034561549;0,0;0,18;0,072;0,0;2,0;0,0;0,0;0,0;0,0;0,0;0,785723034561549;0,0;0,14143014622107883;0,0;0,14143014622107883;Uso directo de PV e importacion/exportacion de red;Estres combinado;1;0,0
Sin control;6;Edificio A;10,0;2,0;2,0;3,0;3,0;0,95;0,95;0,4;2,1140661175589663;0,22499999999999998;0,216;0,0864;0,22499999999999998;2,0;0,0;0,0;0,0;0,0;0,0;1,8890661175589663;0,0;0,4080382813927367;0,0;0,4080382813927367;Uso directo de PV e importacion/exportacion de red;Estres combinado;1;0,0
Sin control;7;Edificio A;10,0;2,0;2,0;3,0;3,0;0,95;0,95;0,4;2,5029827578388812;0,6000000000000001;0,264;0,10560000000000001;0,6000000000000001;2,0;0,0;0,0;0,0;0,0;0,0;1,9029827578388812;0,0;0,5023874480694647;0,0;0,5023874480694647;Uso directo de PV e importacion/exportacion de red;Estres combinado;1;0,0
Sin control;8;Edificio A;10,0;2,0;2,0;3,0;3,0;0,95;0,95;0,4;3,0574270372902776;1,125;0,288;0,1152;1,125;2,0;0,0;0,0;0,0;0,0;0,0;1,9324270372902776;0,0;0,5565389867395999;0,0;0,5565389867395999;Uso directo de PV e importacion/exportacion de red;Estres combinado;1;0,0
Sin control;9;Edificio A;10,0;2,0;2,0;3,0;3,0;0,95;0,95;0,4;2,355113332414066;1,7999999999999998;0,24;0,096;1,7999999999999998;2,0;0,0;0,0;0,0;0,0;0,0;0,555113332414066;0,0;0,13322719977937583;0,0;0,13322719977937583;Uso directo de PV e importacion/exportacion de red;Estres combinado;1;0,0
Sin control;10;Edificio A;10,0;2,0;2,0;3,0;3,0;0,95;0,95;0,4;2,4231794286680954;2,4000000000000004;0,20400000000000001;0,0816;2,4000000000000004;2,0;0,0;0,0;0,0;0,0;0,0;0,02317942866809508;0,0;0,004728603448291397;0,0;0,004728603448291397;Uso directo de PV e importacion/exportacion de red;Estres combinado;1;0,0
Sin control;11;Edificio A;10,0;2,0;2,0;3,0;3,0;0,95;0,95;0,4;1,6691746722904224;2,8499999999999996;0,18;0,072;1,6691746722904224;2,0;0,0;0,0;0,0;0,0;0,0;0,0;1,1808253277095773;0,0;0,08501942359508956;-0,08501942359508956;Uso directo de PV e importacion/exportacion de red;Estres combinado;1;0,0
Sin control;12;Edificio A;10,0;2,0;2,0;3,0;3,0;0,95;0,95;0,4;2,2219649032775686;3,0;0,168;0,06720000000000001;2,2219649032775686;2,0;0,0;0,0;0,0;0,0;0,0;0,0;0,7780350967224314;0,0;0,0522839584997474;-0,0522839584997474;Uso directo de PV e importacion/exportacion de red;Estres combinado;1;0,0
Sin control;13;Edificio A;10,0;2,0;2,0;3,0;3,0;0,95;0,95;0,4;2,4508702161596854;2,7750000000000004;0,18;0,072;2,4508702161596854;2,0;0,0;0,0;0,0;0,0;0,0;0,0;0,324129783840315;0,0;0,023337344436502677;-0,023337344436502677;Uso directo de PV e importacion/exportacion de red;Estres combinado;1;0,0
Sin control;14;Edificio A;10,0;2,0;2,0;3,0;3,0;0,95;0,95;0,4;2,6040784996203787;2,25;0,20400000000000001;0,0816;2,25;2,0;0,0;0,0;0,0;0,0;0,0;0,35407849962037874;0,0;0,07223201392255726;0,0;0,07223201392255726;Uso directo de PV e importacion/exportacion de red;Estres combinado;1;0,0
Sin control;15;Edificio A;10,0;2,0;2,0;3,0;3,0;0,95;0,95;0,4;1,9620195718834743;1,5750000000000002;0,24;0,096;1,5750000000000002;2,0;0,0;0,0;0,0;0,0;0,0;0,38701957188347413;0,0;0,09288469725203378;0,0;0,09288469725203378;Uso directo de PV e importacion/exportacion de red;Estres combinado;1;0,0
Sin control;16;Edificio A;10,0;2,0;2,0;3,0;3,0;0,95;0,95;0,4;2,6089629226409214;0,8999999999999999;0,276;0,11040000000000001;0,8999999999999999;2,0;0,0;0,0;0,0;0,0;0,0;1,7089629226409215;0,0;0,4716737666488944;0,0;0,4716737666488944;Uso directo de PV e importacion/exportacion de red;Estres combinado;1;0,0
Sin control;17;Edificio A;10,0;2,0;2,0;3,0;3,0;0,95;0,95;0,4;3,4419854847741527;0,30000000000000004;0,336;0,13440000000000002;0,30000000000000004;2,0;0,0;0,0;0,0;0,0;0,0;3,1419854847741524;0,0;1,0557071228841153;0,0;1,0557071228841153;Uso directo de PV e importacion/exportacion de red;Estres combinado;1;0,0
Sin control;18;Edificio A;10,0;2,0;2,0;3,0;3,0;0,95;0,95;0,4;4,207598474408806;0,0;0,36;0,144;0,0;2,0;0,0;0,0;0,0;0,0;0,0;4,207598474408806;0,0;1,5147354507871702;0,0;1,5147354507871702;Uso directo de PV e importacion/exportacion de red;Estres combinado;1;0,0
Sin control;19;Edificio A;10,0;2,0;2,0;3,0;3,0;0,95;0,95;0,4;3,944906738468848;0,0;0,324;0,12960000000000002;0,0;2,0;0,0;0,0;0,0;0,0;0,0;3,944906738468848;0,0;1,2781497832639068;0,0;1,2781497832639068;Uso directo de PV e importacion/exportacion de red;Estres combinado;1;0,0
Sin control;20;Edificio A;10,0;2,0;2,0;3,0;3,0;0,95;0,95;0,4;3,161888548101674;0,0;0,288;0,1152;0,0;2,0;0,0;0,0;0,0;0,0;0,0;3,161888548101674;0,0;0,910623901853282;0,0;0,910623901853282;Uso directo de PV e importacion/exportacion de red;Estres combinado;1;0,0
Sin control;21;Edificio A;10,0;2,0;2,0;3,0;3,0;0,95;0,95;0,4;2,9660502677711302;0,0;0,24;0,096;0,0;2,0;0,0;0,0;0,0;0,0;0,0;2,9660502677711302;0,0;0,7118520642650712;0,0;0,7118520642650712;Uso directo de PV e importacion/exportacion de red;Estres combinado;1;0,0
Sin control;22;Edificio A;10,0;2,0;2,0;3,0;3,0;0,95;0,95;0,4;2,3222863297067033;0,0;0,20400000000000001;0,0816;0,0;2,0;0,0;0,0;0,0;0,0;0,0;2,3222863297067033;0,0;0,47374641126016753;0,0;0,47374641126016753;Uso directo de PV e importacion/exportacion de red;Estres combinado;1;0,0
Sin control;23;Edificio A;10,0;2,0;2,0;3,0;3,0;0,95;0,95;0,4;1,7704489810023363;0,0;0,18;0,072;0,0;2,0;0,0;0,0;0,0;0,0;0,0;1,7704489810023363;0,0;0,3186808165804205;0,0;0,3186808165804205;Uso directo de PV e importacion/exportacion de red;Estres combinado;1;0,0
Sin control;0;Edificio B;8,0;1,6;1,6;2,5;2,5;0,95;0,95;0,4;1,3649835874670153;0,0;0,168;0,06720000000000001;0,0;1,6;0,0;0,0;0,0;0,0;0,0;1,3649835874670153;0,0;0,22931724269445858;0,0;0,22931724269445858;Uso directo de PV e importacion/exportacion de red;Estres combinado;1;0,0
Sin control;1;Edificio B;8,0;1,6;1,6;2,5;2,5;0,95;0,95;0,4;1,1898719710992607;0,0;0,156;0,062400000000000004;0,0;1,6;0,0;0,0;0,0;0,0;0,0;1,1898719710992607;0,0;0,18562002749148468;0,0;0,18562002749148468;Uso directo de PV e importacion/exportacion de red;Estres combinado;1;0,0
Sin control;2;Edificio B;8,0;1,6;1,6;2,5;2,5;0,95;0,95;0,4;0,6954847027796783;0,0;0,144;0,0576;0,0;1,6;0,0;0,0;0,0;0,0;0,0;0,6954847027796783;0,0;0,10014979720027367;0,0;0,10014979720027367;Uso directo de PV e importacion/exportacion de red;Estres combinado;1;0,0
Sin control;3;Edificio B;8,0;1,6;1,6;2,5;2,5;0,95;0,95;0,4;1,2552487455128978;0,0;0,144;0,0576;0,0;1,6;0,0;0,0;0,0;0,0;0,0;1,2552487455128978;0,0;0,18075581935385726;0,0;0,18075581935385726;Uso directo de PV e importacion/exportacion de red;Estres combinado;1;0,0
Sin control;4;Edificio B;8,0;1,6;1,6;2,5;2,5;0,95;0,95;0,4;0,6371815946649246;0,0;0,156;0,062400000000000004;0,0;1,6;0,0;0,0;0,0;0,0;0,0;0,6371815946649246;0,0;0,09940032876772824;0,0;0,09940032876772824;Uso directo de PV e importacion/exportacion de red;Estres combinado;1;0,0
Sin control;5;Edificio B;8,0;1,6;1,6;2,5;2,5;0,95;0,95;0,4;1,0484854741818832;0,0;0,18;0,072;0,0;1,6;0,0;0,0;0,0;0,0;0,0;1,0484854741818832;0,0;0,18872738535273897;0,0;0,18872738535273897;Uso directo de PV e importacion/exportacion de red;Estres combinado;1;0,0
Sin control;6;Edificio B;8,0;1,6;1,6;2,5;2,5;0,95;0,95;0,4;1,8905186550884476;0,22499999999999998;0,216;0,0864;0,22499999999999998;1,6;0,0;0,0;0,0;0,0;0,0;1,6655186550884475;0,0;0,3597520294991047;0,0;0,3597520294991047;Uso directo de PV e importacion/exportacion de red;Estres combinado;1;0,0
Sin control;7;Edificio B;8,0;1,6;1,6;2,5;2,5;0,95;0,95;0,4;2,4158481444106985;0,6000000000000001;0,264;0,10560000000000001;0,6000000000000001;1,6;0,0;0,0;0,0;0,0;0,0;1,8158481444106984;0,0;0,4793839101244244;0,0;0,4793839101244244;Uso directo de PV e importacion/exportacion de red;Estres combinado;1;0,0
Sin control;8;Edificio B;8,0;1,6;1,6;2,5;2,5;0,95;0,95;0,4;2,8095686006047793;1,125;0,288;0,1152;1,125;1,6;0,0;0,0;0,0;0,0;0,0;1,6845686006047793;0,0;0,4851557569741764;0,0;0,4851557569741764;Uso directo de PV e importacion/exportacion de red;Estres combinado;1;0,0
Sin control;9;Edificio B;8,0;1,6;1,6;2,5;2,5;0,95;0,95;0,4;2,236378629313167;1,7999999999999998;0,24;0,096;1,7999999999999998;1,6;0,0;0,0;0,0;0,0;0,0;0,4363786293131673;0,0;0,10473087103516014;0,0;0,10473087103516014;Uso directo de PV e importacion/exportacion de red;Estres combinado;1;0,0
Sin control;10;Edificio B;8,0;1,6;1,6;2,5;2,5;0,95;0,95;0,4;2,2592617280183562;2,4000000000000004;0,20400000000000001;0,0816;2,2592617280183562;1,6;0,0;0,0;0,0;0,0;0,0;0,0;0,14073827198164413;0,0;0,011484242993702161;-0,011484242993702161;Uso directo de PV e importacion/exportacion de red;Estres combinado;1;0,0
Sin control;11;Edificio B;8,0;1,6;1,6;2,5;2,5;0,95;0,95;0,4;2,4525974423066925;2,8499999999999996;0,18;0,072;2,4525974423066925;1,6;0,0;0,0;0,0;0,0;0,0;0,0;0,3974025576933071;0,0;0,028612984153918112;-0,028612984153918112;Uso directo de PV e importacion/exportacion de red;Estres combinado;1;0,0
Sin control;12;Edificio B;8,0;1,6;1,6;2,5;2,5;0,95;0,95;0,4;2,2874770907397126;3,0;0,168;0,06720000000000001;2,2874770907397126;1,6;0,0;0,0;0,0;0,0;0,0;0,0;0,7125229092602874;0,0;0,04788153950229132;-0,04788153950229132;Uso directo de PV e importacion/exportacion de red;Estres combinado;1;0,0
Sin control;13;Edificio B;8,0;1,6;1,6;2,5;2,5;0,95;0,95;0,4;2,3187734198795673;2,7750000000000004;0,18;0,072;2,3187734198795673;1,6;0,0;0,0;0,0;0,0;0,0;0,0;0,45622658012043305;0,0;0,03284831376867118;-0,03284831376867118;Uso directo de PV e importacion/exportacion de red;Estres combinado;1;0,0
Sin control;14;Edificio B;8,0;1,6;1,6;2,5;2,5;0,95;0,95;0,4;2,4970304977045417;2,25;0,20400000000000001;0,0816;2,25;1,6;0,0;0,0;0,0;0,0;0,0;0,24703049770454166;0,0;0,050394221531726506;0,0;0,050394221531726506;Uso directo de PV e importacion/exportacion de red;Estres combinado;1;0,0
Sin control;15;Edificio B;8,0;1,6;1,6;2,5;2,5;0,95;0,95;0,4;2,0526912540348357;1,5750000000000002;0,24;0,096;1,5750000000000002;1,6;0,0;0,0;0,0;0,0;0,0;0,4776912540348355;0,0;0,11464590096836051;0,0;0,11464590096836051;Uso directo de PV e importacion/exportacion de red;Estres combinado;1;0,0
Sin control;16;Edificio B;8,0;1,6;1,6;2,5;2,5;0,95;0,95;0,4;2,636556510626193;0,8999999999999999;0,276;0,11040000000000001;0,8999999999999999;1,6;0,0;0,0;0,0;0,0;0,0;1,736556510626193;0,0;0,47928959693282935;0,0;0,47928959693282935;Uso directo de PV e importacion/exportacion de red;Estres combinado;1;0,0
Sin control;17;Edificio B;8,0;1,6;1,6;2,5;2,5;0,95;0,95;0,4;3,811500219510052;0,30000000000000004;0,336;0,13440000000000002;0,30000000000000004;1,6;0,0;0,0;0,0;0,0;0,0;3,5115002195100518;0,0;1,1798640737553774;0,0;1,1798640737553774;Uso directo de PV e importacion/exportacion de red;Estres combinado;1;0,0
Sin control;18;Edificio B;8,0;1,6;1,6;2,5;2,5;0,95;0,95;0,4;4,065383229127105;0,0;0,36;0,144;0,0;1,6;0,0;0,0;0,0;0,0;0,0;4,065383229127105;0,0;1,4635379624857576;0,0;1,4635379624857576;Uso directo de PV e importacion/exportacion de red;Estres combinado;1;0,0
Sin control;19;Edificio B;8,0;1,6;1,6;2,5;2,5;0,95;0,95;0,4;3,8416245451751982;0,0;0,324;0,12960000000000002;0,0;1,6;0,0;0,0;0,0;0,0;0,0;3,8416245451751982;0,0;1,2446863526367642;0,0;1,2446863526367642;Uso directo de PV e importacion/exportacion de red;Estres combinado;1;0,0
Sin control;20;Edificio B;8,0;1,6;1,6;2,5;2,5;0,95;0,95;0,4;3,201940579216738;0,0;0,288;0,1152;0,0;1,6;0,0;0,0;0,0;0,0;0,0;3,201940579216738;0,0;0,9221588868144205;0,0;0,9221588868144205;Uso directo de PV e importacion/exportacion de red;Estres combinado;1;0,0
Sin control;21;Edificio B;8,0;1,6;1,6;2,5;2,5;0,95;0,95;0,4;2,7318418493307677;0,0;0,24;0,096;0,0;1,6;0,0;0,0;0,0;0,0;0,0;2,7318418493307677;0,0;0,6556420438393842;0,0;0,6556420438393842;Uso directo de PV e importacion/exportacion de red;Estres combinado;1;0,0
Sin control;22;Edificio B;8,0;1,6;1,6;2,5;2,5;0,95;0,95;0,4;2,206182681360233;0,0;0,20400000000000001;0,0816;0,0;1,6;0,0;0,0;0,0;0,0;0,0;2,206182681360233;0,0;0,4500612669974876;0,0;0,4500612669974876;Uso directo de PV e importacion/exportacion de red;Estres combinado;1;0,0
Sin control;23;Edificio B;8,0;1,6;1,6;2,5;2,5;0,95;0,95;0,4;1,502019771221468;0,0;0,18;0,072;0,0;1,6;0,0;0,0;0,0;0,0;0,0;1,502019771221468;0,0;0,27036355881986424;0,0;0,27036355881986424;Uso directo de PV e importacion/exportacion de red;Estres combinado;1;0,0
Reglas;0;Edificio A;10,0;2,0;2,0;3,0;3,0;0,95;0,95;0,4;1,7323821654593834;0,0;0,168;0,06720000000000001;0,0;2,0;0,0;0,0;0,0;0,0;0,0;1,7323821654593834;0,0;0,29104020379717643;0,0;0,29104020379717643;Importa energia de red;Estres combinado;1;0,0
Reglas;1;Edificio A;10,0;2,0;2,0;3,0;3,0;0,95;0,95;0,4;1,0898838455429865;0,0;0,156;0,062400000000000004;0,0;2,0;0,0;0,0;0,0;0,0;0,0;1,0898838455429865;0,0;0,17002187990470588;0,0;0,17002187990470588;Importa energia de red;Estres combinado;1;0,0
Reglas;2;Edificio A;10,0;2,0;2,0;3,0;3,0;0,95;0,95;0,4;0,984929084592578;0,0;0,144;0,0576;0,0;2,0;0,0;0,0;0,0;0,0;0,0;0,984929084592578;0,0;0,1418297881813312;0,0;0,1418297881813312;Importa energia de red;Estres combinado;1;0,0
Reglas;3;Edificio A;10,0;2,0;2,0;3,0;3,0;0,95;0,95;0,4;0,7668656480118894;0,0;0,144;0,0576;0,0;2,0;0,0;0,0;0,0;0,0;0,0;0,7668656480118894;0,0;0,11042865331371206;0,0;0,11042865331371206;Importa energia de red;Estres combinado;1;0,0
Reglas;4;Edificio A;10,0;2,0;2,0;3,0;3,0;0,95;0,95;0,4;1,115773373278442;0,0;0,156;0,062400000000000004;0,0;2,0;0,0;0,0;0,0;0,0;0,0;1,115773373278442;0,0;0,17406064623143697;0,0;0,17406064623143697;Importa energia de red;Estres combinado;1;0,0
Reglas;5;Edificio A;10,0;2,0;2,0;3,0;3,0;0,95;0,95;0,4;0,785723034561549;0,0;0,18;0,072;0,0;2,0;0,0;0,0;0,0;0,0;0,0;0,785723034561549;0,0;0,14143014622107883;0,0;0,14143014622107883;Importa energia de red;Estres combinado;1;0,0
Reglas;6;Edificio A;10,0;2,0;2,0;3,0;3,0;0,95;0,95;0,4;2,1140661175589663;0,22499999999999998;0,216;0,0864;0,22499999999999998;2,0;0,0;0,0;0,0;0,0;0,0;1,8890661175589663;0,0;0,4080382813927367;0,0;0,4080382813927367;Importa energia de red;Estres combinado;1;0,0
Reglas;7;Edificio A;10,0;2,0;2,0;3,0;3,0;0,95;0,95;0,4;2,5029827578388812;0,6000000000000001;0,264;0,10560000000000001;0,6000000000000001;2,0;0,0;0,0;0,0;0,0;0,0;1,9029827578388812;0,0;0,5023874480694647;0,0;0,5023874480694647;Importa energia de red;Estres combinado;1;0,0
Reglas;8;Edificio A;10,0;2,0;2,0;3,0;3,0;0,95;0,95;0,4;3,0574270372902776;1,125;0,288;0,1152;1,125;2,0;0,0;0,0;0,0;0,0;0,0;1,9324270372902776;0,0;0,5565389867395999;0,0;0,5565389867395999;Importa energia de red;Estres combinado;1;0,0
Reglas;9;Edificio A;10,0;2,0;2,0;3,0;3,0;0,95;0,95;0,4;2,355113332414066;1,7999999999999998;0,24;0,096;1,7999999999999998;2,0;0,0;0,0;0,0;0,0;0,0;0,555113332414066;0,0;0,13322719977937583;0,0;0,13322719977937583;Importa energia de red;Estres combinado;1;0,0
Reglas;10;Edificio A;10,0;2,0;2,0;3,0;3,0;0,95;0,95;0,4;2,4231794286680954;2,4000000000000004;0,20400000000000001;0,0816;2,4000000000000004;2,0;0,0;0,0;0,0;0,0;0,0;0,02317942866809508;0,0;0,004728603448291397;0,0;0,004728603448291397;Importa energia de red;Estres combinado;1;0,0
Reglas;11;Edificio A;10,0;2,0;2,0;3,0;3,0;0,95;0,95;0,4;1,6691746722904224;2,8499999999999996;0,18;0,072;1,6691746722904224;3,1217840613240986;1,1808253277095773;1,1217840613240984;0,0;0,0;0,05904126638547891;0,0;0,0;0,0;0,0;0,0;Carga bateria con excedente PV;Estres combinado;1;0,0
Reglas;12;Edificio A;10,0;2,0;2,0;3,0;3,0;0,95;0,95;0,4;2,2219649032775686;3,0;0,168;0,06720000000000001;2,2219649032775686;3,8609174032104083;0,7780350967224314;0,7391333418863099;0,0;0,0;0,03890175483612157;0,0;0,0;0,0;0,0;0,0;Carga bateria con excedente PV;Estres combinado;1;0,0
Reglas;13;Edificio A;10,0;2,0;2,0;3,0;3,0;0,95;0,95;0,4;2,4508702161596854;2,7750000000000004;0,18;0,072;2,4508702161596854;4,168840697858707;0,324129783840315;0,3079232946482992;0,0;0,0;0,016206489192015783;0,0;0,0;0,0;0,0;0,0;Carga bateria con excedente PV;Estres combinado;1;0,0
Reglas;14;Edificio A;10,0;2,0;2,0;3,0;3,0;0,95;0,95;0,4;2,6040784996203787;2,25;0,20400000000000001;0,0816;2,25;3,7961264877319927;0,0;0,0;0,35407849962037874;0,37271421012671446;0,018635710506335723;0,0;0,0;0,0;0,0;0,0;Descarga bateria por precio elevado o demanda alta;Estres combinado;1;0,0
Reglas;15;Edificio A;10,0;2,0;2,0;3,0;3,0;0,95;0,95;0,4;1,9620195718834743;1,5750000000000002;0,24;0,096;1,5750000000000002;3,3887374646967565;0,0;0,0;0,38701957188347413;0,40738902303523594;0,020369451151761808;0,0;0,0;0,0;0,0;0,0;Descarga bateria por precio elevado o demanda alta;Estres combinado;1;0,0
Reglas;16;Edificio A;10,0;2,0;2,0;3,0;3,0;0,95;0,95;0,4;2,6089629226409214;0,8999999999999999;0,276;0,11040000000000001;0,8999999999999999;2,0;0,0;0,0;1,3193005914619187;1,3887374646967565;0,06943687323483783;0,38966233117900284;0,0;0,10754680340540479;0,0;0,10754680340540479;Descarga bateria por precio elevado o demanda alta;Estres combinado;1;0,0
Reglas;17;Edificio A;10,0;2,0;2,0;3,0;3,0;0,95;0,95;0,4;3,4419854847741527;0,30000000000000004;0,336;0,13440000000000002;0,30000000000000004;2,0;0,0;0,0;0,0;0,0;0,0;3,1419854847741524;0,0;1,0557071228841153;0,0;1,0557071228841153;Importa energia de red;Estres combinado;1;0,0
Reglas;18;Edificio A;10,0;2,0;2,0;3,0;3,0;0,95;0,95;0,4;4,207598474408806;0,0;0,36;0,144;0,0;2,0;0,0;0,0;0,0;0,0;0,0;4,207598474408806;0,0;1,5147354507871702;0,0;1,5147354507871702;Importa energia de red;Estres combinado;1;0,0
Reglas;19;Edificio A;10,0;2,0;2,0;3,0;3,0;0,95;0,95;0,4;3,944906738468848;0,0;0,324;0,12960000000000002;0,0;2,0;0,0;0,0;0,0;0,0;0,0;3,944906738468848;0,0;1,2781497832639068;0,0;1,2781497832639068;Importa energia de red;Estres combinado;1;0,0
Reglas;20;Edificio A;10,0;2,0;2,0;3,0;3,0;0,95;0,95;0,4;3,161888548101674;0,0;0,288;0,1152;0,0;2,0;0,0;0,0;0,0;0,0;0,0;3,161888548101674;0,0;0,910623901853282;0,0;0,910623901853282;Importa energia de red;Estres combinado;1;0,0
Reglas;21;Edificio A;10,0;2,0;2,0;3,0;3,0;0,95;0,95;0,4;2,9660502677711302;0,0;0,24;0,096;0,0;2,0;0,0;0,0;0,0;0,0;0,0;2,9660502677711302;0,0;0,7118520642650712;0,0;0,7118520642650712;Importa energia de red;Estres combinado;1;0,0
Reglas;22;Edificio A;10,0;2,0;2,0;3,0;3,0;0,95;0,95;0,4;2,3222863297067033;0,0;0,20400000000000001;0,0816;0,0;2,0;0,0;0,0;0,0;0,0;0,0;2,3222863297067033;0,0;0,47374641126016753;0,0;0,47374641126016753;Importa energia de red;Estres combinado;1;0,0
Reglas;23;Edificio A;10,0;2,0;2,0;3,0;3,0;0,95;0,95;0,4;1,7704489810023363;0,0;0,18;0,072;0,0;2,0;0,0;0,0;0,0;0,0;0,0;1,7704489810023363;0,0;0,3186808165804205;0,0;0,3186808165804205;Importa energia de red;Estres combinado;1;0,0
Reglas;0;Edificio B;8,0;1,6;1,6;2,5;2,5;0,95;0,95;0,4;1,3649835874670153;0,0;0,168;0,06720000000000001;0,0;1,6;0,0;0,0;0,0;0,0;0,0;1,3649835874670153;0,0;0,22931724269445858;0,0;0,22931724269445858;Importa energia de red;Estres combinado;1;0,0
Reglas;1;Edificio B;8,0;1,6;1,6;2,5;2,5;0,95;0,95;0,4;1,1898719710992607;0,0;0,156;0,062400000000000004;0,0;1,6;0,0;0,0;0,0;0,0;0,0;1,1898719710992607;0,0;0,18562002749148468;0,0;0,18562002749148468;Importa energia de red;Estres combinado;1;0,0
Reglas;2;Edificio B;8,0;1,6;1,6;2,5;2,5;0,95;0,95;0,4;0,6954847027796783;0,0;0,144;0,0576;0,0;1,6;0,0;0,0;0,0;0,0;0,0;0,6954847027796783;0,0;0,10014979720027367;0,0;0,10014979720027367;Importa energia de red;Estres combinado;1;0,0
Reglas;3;Edificio B;8,0;1,6;1,6;2,5;2,5;0,95;0,95;0,4;1,2552487455128978;0,0;0,144;0,0576;0,0;1,6;0,0;0,0;0,0;0,0;0,0;1,2552487455128978;0,0;0,18075581935385726;0,0;0,18075581935385726;Importa energia de red;Estres combinado;1;0,0
Reglas;4;Edificio B;8,0;1,6;1,6;2,5;2,5;0,95;0,95;0,4;0,6371815946649246;0,0;0,156;0,062400000000000004;0,0;1,6;0,0;0,0;0,0;0,0;0,0;0,6371815946649246;0,0;0,09940032876772824;0,0;0,09940032876772824;Importa energia de red;Estres combinado;1;0,0
Reglas;5;Edificio B;8,0;1,6;1,6;2,5;2,5;0,95;0,95;0,4;1,0484854741818832;0,0;0,18;0,072;0,0;1,6;0,0;0,0;0,0;0,0;0,0;1,0484854741818832;0,0;0,18872738535273897;0,0;0,18872738535273897;Importa energia de red;Estres combinado;1;0,0
Reglas;6;Edificio B;8,0;1,6;1,6;2,5;2,5;0,95;0,95;0,4;1,8905186550884476;0,22499999999999998;0,216;0,0864;0,22499999999999998;1,6;0,0;0,0;0,0;0,0;0,0;1,6655186550884475;0,0;0,3597520294991047;0,0;0,3597520294991047;Importa energia de red;Estres combinado;1;0,0
Reglas;7;Edificio B;8,0;1,6;1,6;2,5;2,5;0,95;0,95;0,4;2,4158481444106985;0,6000000000000001;0,264;0,10560000000000001;0,6000000000000001;1,6;0,0;0,0;0,0;0,0;0,0;1,8158481444106984;0,0;0,4793839101244244;0,0;0,4793839101244244;Importa energia de red;Estres combinado;1;0,0
Reglas;8;Edificio B;8,0;1,6;1,6;2,5;2,5;0,95;0,95;0,4;2,8095686006047793;1,125;0,288;0,1152;1,125;1,6;0,0;0,0;0,0;0,0;0,0;1,6845686006047793;0,0;0,4851557569741764;0,0;0,4851557569741764;Importa energia de red;Estres combinado;1;0,0
Reglas;9;Edificio B;8,0;1,6;1,6;2,5;2,5;0,95;0,95;0,4;2,236378629313167;1,7999999999999998;0,24;0,096;1,7999999999999998;1,6;0,0;0,0;0,0;0,0;0,0;0,4363786293131673;0,0;0,10473087103516014;0,0;0,10473087103516014;Importa energia de red;Estres combinado;1;0,0
Reglas;10;Edificio B;8,0;1,6;1,6;2,5;2,5;0,95;0,95;0,4;2,2592617280183562;2,4000000000000004;0,20400000000000001;0,0816;2,2592617280183562;1,733701358382562;0,14073827198164413;0,13370135838256192;0,0;0,0;0,007036913599082206;0,0;0,0;0,0;0,0;0,0;Carga bateria con excedente PV;Estres combinado;1;0,0
Reglas;11;Edificio B;8,0;1,6;1,6;2,5;2,5;0,95;0,95;0,4;2,4525974423066925;2,8499999999999996;0,18;0,072;2,4525974423066925;2,1112337881912038;0,3974025576933071;0,37753242980864177;0,0;0,0;0,019870127884665356;0,0;0,0;0,0;0,0;0,0;Carga bateria con excedente PV;Estres combinado;1;0,0
Reglas;12;Edificio B;8,0;1,6;1,6;2,5;2,5;0,95;0,95;0,4;2,2874770907397126;3,0;0,168;0,06720000000000001;2,2874770907397126;2,788130551988477;0,7125229092602874;0,676896763797273;0,0;0,0;0,03562614546301435;0,0;0,0;0,0;0,0;0,0;Carga bateria con excedente PV;Estres combinado;1;0,0
Reglas;13;Edificio B;8,0;1,6;1,6;2,5;2,5;0,95;0,95;0,4;2,3187734198795673;2,7750000000000004;0,18;0,072;2,3187734198795673;3,221545803102888;0,45622658012043305;0,43341525111441137;0,0;0,0;0,022811329006021674;0,0;0,0;0,0;0,0;0,0;Carga bateria con excedente PV;Estres combinado;1;0,0
Reglas;14;Edificio B;8,0;1,6;1,6;2,5;2,5;0,95;0,95;0,4;2,4970304977045417;2,25;0,20400000000000001;0,0816;2,25;2,961513700256002;0,0;0,0;0,24703049770454166;0,260032102846886;0,01300160514234433;0,0;0,0;0,0;0,0;0,0;Descarga bateria por precio elevado o demanda alta;Estres combinado;1;0,0
Reglas;15;Edificio B;8,0;1,6;1,6;2,5;2,5;0,95;0,95;0,4;2,0526912540348357;1,5750000000000002;0,24;0,096;1,5750000000000002;2,4586808012719645;0,0;0,0;0,4776912540348355;0,5028328989840374;0,025141644949201902;0,0;0,0;0,0;0,0;0,0;Descarga bateria por precio elevado o demanda alta;Estres combinado;1;0,0
Reglas;16;Edificio B;8,0;1,6;1,6;2,5;2,5;0,95;0,95;0,4;2,636556510626193;0,8999999999999999;0,276;0,11040000000000001;0,8999999999999999;1,6;0,0;0,0;0,8157467612083662;0,8586808012719644;0,042934040063598244;0,9208097494178269;0,0;0,25414349083932025;0,0;0,25414349083932025;Descarga bateria por precio elevado o demanda alta;Estres combinado;1;0,0
Reglas;17;Edificio B;8,0;1,6;1,6;2,5;2,5;0,95;0,95;0,4;3,811500219510052;0,30000000000000004;0,336;0,13440000000000002;0,30000000000000004;1,6;0,0;0,0;0,0;0,0;0,0;3,5115002195100518;0,0;1,1798640737553774;0,0;1,1798640737553774;Importa energia de red;Estres combinado;1;0,0
Reglas;18;Edificio B;8,0;1,6;1,6;2,5;2,5;0,95;0,95;0,4;4,065383229127105;0,0;0,36;0,144;0,0;1,6;0,0;0,0;0,0;0,0;0,0;4,065383229127105;0,0;1,4635379624857576;0,0;1,4635379624857576;Importa energia de red;Estres combinado;1;0,0
Reglas;19;Edificio B;8,0;1,6;1,6;2,5;2,5;0,95;0,95;0,4;3,8416245451751982;0,0;0,324;0,12960000000000002;0,0;1,6;0,0;0,0;0,0;0,0;0,0;3,8416245451751982;0,0;1,2446863526367642;0,0;1,2446863526367642;Importa energia de red;Estres combinado;1;0,0
Reglas;20;Edificio B;8,0;1,6;1,6;2,5;2,5;0,95;0,95;0,4;3,201940579216738;0,0;0,288;0,1152;0,0;1,6;0,0;0,0;0,0;0,0;0,0;3,201940579216738;0,0;0,9221588868144205;0,0;0,9221588868144205;Importa energia de red;Estres combinado;1;0,0
Reglas;21;Edificio B;8,0;1,6;1,6;2,5;2,5;0,95;0,95;0,4;2,7318418493307677;0,0;0,24;0,096;0,0;1,6;0,0;0,0;0,0;0,0;0,0;2,7318418493307677;0,0;0,6556420438393842;0,0;0,6556420438393842;Importa energia de red;Estres combinado;1;0,0
Reglas;22;Edificio B;8,0;1,6;1,6;2,5;2,5;0,95;0,95;0,4;2,206182681360233;0,0;0,20400000000000001;0,0816;0,0;1,6;0,0;0,0;0,0;0,0;0,0;2,206182681360233;0,0;0,4500612669974876;0,0;0,4500612669974876;Importa energia de red;Estres combinado;1;0,0
Reglas;23;Edificio B;8,0;1,6;1,6;2,5;2,5;0,95;0,95;0,4;1,502019771221468;0,0;0,18;0,072;0,0;1,6;0,0;0,0;0,0;0,0;0,0;1,502019771221468;0,0;0,27036355881986424;0,0;0,27036355881986424;Importa energia de red;Estres combinado;1;0,0
Reglas + decision avanzada;0;Edificio A;10,0;2,0;2,0;3,0;3,0;0,95;0,95;0,4;1,7323821654593834;0,0;0,168;0,06720000000000001;0,0;2,0;0,0;0,0;0,0;0,0;0,0;1,7323821654593834;0,0;0,29104020379717643;0,0;0,29104020379717643;Reserva bateria e importa energia de red;Estres combinado;1;0,0
Reglas + decision avanzada;1;Edificio A;10,0;2,0;2,0;3,0;3,0;0,95;0,95;0,4;1,0898838455429865;0,0;0,156;0,062400000000000004;0,0;2,0;0,0;0,0;0,0;0,0;0,0;1,0898838455429865;0,0;0,17002187990470588;0,0;0,17002187990470588;Reserva bateria e importa energia de red;Estres combinado;1;0,0
Reglas + decision avanzada;2;Edificio A;10,0;2,0;2,0;3,0;3,0;0,95;0,95;0,4;0,984929084592578;0,0;0,144;0,0576;0,0;2,0;0,0;0,0;0,0;0,0;0,0;0,984929084592578;0,0;0,1418297881813312;0,0;0,1418297881813312;Reserva bateria e importa energia de red;Estres combinado;1;0,0
Reglas + decision avanzada;3;Edificio A;10,0;2,0;2,0;3,0;3,0;0,95;0,95;0,4;0,7668656480118894;0,0;0,144;0,0576;0,0;2,0;0,0;0,0;0,0;0,0;0,0;0,7668656480118894;0,0;0,11042865331371206;0,0;0,11042865331371206;Reserva bateria e importa energia de red;Estres combinado;1;0,0
Reglas + decision avanzada;4;Edificio A;10,0;2,0;2,0;3,0;3,0;0,95;0,95;0,4;1,115773373278442;0,0;0,156;0,062400000000000004;0,0;2,0;0,0;0,0;0,0;0,0;0,0;1,115773373278442;0,0;0,17406064623143697;0,0;0,17406064623143697;Reserva bateria e importa energia de red;Estres combinado;1;0,0
Reglas + decision avanzada;5;Edificio A;10,0;2,0;2,0;3,0;3,0;0,95;0,95;0,4;0,785723034561549;0,0;0,18;0,072;0,0;2,0;0,0;0,0;0,0;0,0;0,0;0,785723034561549;0,0;0,14143014622107883;0,0;0,14143014622107883;Reserva bateria e importa energia de red;Estres combinado;1;0,0
Reglas + decision avanzada;6;Edificio A;10,0;2,0;2,0;3,0;3,0;0,95;0,95;0,4;2,1140661175589663;0,22499999999999998;0,216;0,0864;0,22499999999999998;2,0;0,0;0,0;0,0;0,0;0,0;1,8890661175589663;0,0;0,4080382813927367;0,0;0,4080382813927367;Reserva bateria e importa energia de red;Estres combinado;1;0,0
Reglas + decision avanzada;7;Edificio A;10,0;2,0;2,0;3,0;3,0;0,95;0,95;0,4;2,5029827578388812;0,6000000000000001;0,264;0,10560000000000001;0,6000000000000001;2,0;0,0;0,0;0,0;0,0;0,0;1,9029827578388812;0,0;0,5023874480694647;0,0;0,5023874480694647;Reserva bateria e importa energia de red;Estres combinado;1;0,0
Reglas + decision avanzada;8;Edificio A;10,0;2,0;2,0;3,0;3,0;0,95;0,95;0,4;3,0574270372902776;1,125;0,288;0,1152;1,125;2,0;0,0;0,0;0,0;0,0;0,0;1,9324270372902776;0,0;0,5565389867395999;0,0;0,5565389867395999;Reserva bateria e importa energia de red;Estres combinado;1;0,0
Reglas + decision avanzada;9;Edificio A;10,0;2,0;2,0;3,0;3,0;0,95;0,95;0,4;2,355113332414066;1,7999999999999998;0,24;0,096;1,7999999999999998;2,0;0,0;0,0;0,0;0,0;0,0;0,555113332414066;0,0;0,13322719977937583;0,0;0,13322719977937583;Reserva bateria e importa energia de red;Estres combinado;1;0,0
Reglas + decision avanzada;10;Edificio A;10,0;2,0;2,0;3,0;3,0;0,95;0,95;0,4;2,4231794286680954;2,4000000000000004;0,20400000000000001;0,0816;2,4000000000000004;2,0;0,0;0,0;0,0;0,0;0,0;0,02317942866809508;0,0;0,004728603448291397;0,0;0,004728603448291397;Reserva bateria e importa energia de red;Estres combinado;1;0,0
Reglas + decision avanzada;11;Edificio A;10,0;2,0;2,0;3,0;3,0;0,95;0,95;0,4;1,6691746722904224;2,8499999999999996;0,18;0,072;1,6691746722904224;3,1217840613240986;1,1808253277095773;1,1217840613240984;0,0;0,0;0,05904126638547891;0,0;0,0;0,0;0,0;0,0;Carga bateria con excedente PV;Estres combinado;1;0,0
Reglas + decision avanzada;12;Edificio A;10,0;2,0;2,0;3,0;3,0;0,95;0,95;0,4;2,2219649032775686;3,0;0,168;0,06720000000000001;2,2219649032775686;3,8609174032104083;0,7780350967224314;0,7391333418863099;0,0;0,0;0,03890175483612157;0,0;0,0;0,0;0,0;0,0;Carga bateria con excedente PV;Estres combinado;1;0,0
Reglas + decision avanzada;13;Edificio A;10,0;2,0;2,0;3,0;3,0;0,95;0,95;0,4;2,4508702161596854;2,7750000000000004;0,18;0,072;2,4508702161596854;4,168840697858707;0,324129783840315;0,3079232946482992;0,0;0,0;0,016206489192015783;0,0;0,0;0,0;0,0;0,0;Carga bateria con excedente PV;Estres combinado;1;0,0
Reglas + decision avanzada;14;Edificio A;10,0;2,0;2,0;3,0;3,0;0,95;0,95;0,4;2,6040784996203787;2,25;0,20400000000000001;0,0816;2,25;4,168840697858707;0,0;0,0;0,0;0,0;0,0;0,35407849962037874;0,0;0,07223201392255726;0,0;0,07223201392255726;Reserva bateria e importa energia de red;Estres combinado;1;0,0
Reglas + decision avanzada;15;Edificio A;10,0;2,0;2,0;3,0;3,0;0,95;0,95;0,4;1,9620195718834743;1,5750000000000002;0,24;0,096;1,5750000000000002;4,168840697858707;0,0;0,0;0,0;0,0;0,0;0,38701957188347413;0,0;0,09288469725203378;0,0;0,09288469725203378;Reserva bateria e importa energia de red;Estres combinado;1;0,0
Reglas + decision avanzada;16;Edificio A;10,0;2,0;2,0;3,0;3,0;0,95;0,95;0,4;2,6089629226409214;0,8999999999999999;0,276;0,11040000000000001;0,8999999999999999;2,3699323582366842;0,0;0,0;1,7089629226409215;1,7989083396220227;0,08994541698110115;0,0;0,0;0,0;0,0;0,0;Descarga bateria por apoyo avanzado a la decision;Estres combinado;1;0,0
Reglas + decision avanzada;17;Edificio A;10,0;2,0;2,0;3,0;3,0;0,95;0,95;0,4;3,4419854847741527;0,30000000000000004;0,336;0,13440000000000002;0,30000000000000004;2,0;0,0;0,0;0,35143574032485003;0,36993235823668424;0,018496617911834212;2,7905497444493026;0,0;0,9376247141349657;0,0;0,9376247141349657;Descarga bateria por apoyo avanzado a la decision;Estres combinado;1;0,0
Reglas + decision avanzada;18;Edificio A;10,0;2,0;2,0;3,0;3,0;0,95;0,95;0,4;4,207598474408806;0,0;0,36;0,144;0,0;2,0;0,0;0,0;0,0;0,0;0,0;4,207598474408806;0,0;1,5147354507871702;0,0;1,5147354507871702;Reserva bateria e importa energia de red;Estres combinado;1;0,0
Reglas + decision avanzada;19;Edificio A;10,0;2,0;2,0;3,0;3,0;0,95;0,95;0,4;3,944906738468848;0,0;0,324;0,12960000000000002;0,0;2,0;0,0;0,0;0,0;0,0;0,0;3,944906738468848;0,0;1,2781497832639068;0,0;1,2781497832639068;Reserva bateria e importa energia de red;Estres combinado;1;0,0
Reglas + decision avanzada;20;Edificio A;10,0;2,0;2,0;3,0;3,0;0,95;0,95;0,4;3,161888548101674;0,0;0,288;0,1152;0,0;2,0;0,0;0,0;0,0;0,0;0,0;3,161888548101674;0,0;0,910623901853282;0,0;0,910623901853282;Reserva bateria e importa energia de red;Estres combinado;1;0,0
Reglas + decision avanzada;21;Edificio A;10,0;2,0;2,0;3,0;3,0;0,95;0,95;0,4;2,9660502677711302;0,0;0,24;0,096;0,0;2,0;0,0;0,0;0,0;0,0;0,0;2,9660502677711302;0,0;0,7118520642650712;0,0;0,7118520642650712;Reserva bateria e importa energia de red;Estres combinado;1;0,0
Reglas + decision avanzada;22;Edificio A;10,0;2,0;2,0;3,0;3,0;0,95;0,95;0,4;2,3222863297067033;0,0;0,20400000000000001;0,0816;0,0;2,0;0,0;0,0;0,0;0,0;0,0;2,3222863297067033;0,0;0,47374641126016753;0,0;0,47374641126016753;Reserva bateria e importa energia de red;Estres combinado;1;0,0
Reglas + decision avanzada;23;Edificio A;10,0;2,0;2,0;3,0;3,0;0,95;0,95;0,4;1,7704489810023363;0,0;0,18;0,072;0,0;2,0;0,0;0,0;0,0;0,0;0,0;1,7704489810023363;0,0;0,3186808165804205;0,0;0,3186808165804205;Reserva bateria e importa energia de red;Estres combinado;1;0,0
Reglas + decision avanzada;0;Edificio B;8,0;1,6;1,6;2,5;2,5;0,95;0,95;0,4;1,3649835874670153;0,0;0,168;0,06720000000000001;0,0;1,6;0,0;0,0;0,0;0,0;0,0;1,3649835874670153;0,0;0,22931724269445858;0,0;0,22931724269445858;Reserva bateria e importa energia de red;Estres combinado;1;0,0
Reglas + decision avanzada;1;Edificio B;8,0;1,6;1,6;2,5;2,5;0,95;0,95;0,4;1,1898719710992607;0,0;0,156;0,062400000000000004;0,0;1,6;0,0;0,0;0,0;0,0;0,0;1,1898719710992607;0,0;0,18562002749148468;0,0;0,18562002749148468;Reserva bateria e importa energia de red;Estres combinado;1;0,0
Reglas + decision avanzada;2;Edificio B;8,0;1,6;1,6;2,5;2,5;0,95;0,95;0,4;0,6954847027796783;0,0;0,144;0,0576;0,0;1,6;0,0;0,0;0,0;0,0;0,0;0,6954847027796783;0,0;0,10014979720027367;0,0;0,10014979720027367;Reserva bateria e importa energia de red;Estres combinado;1;0,0
Reglas + decision avanzada;3;Edificio B;8,0;1,6;1,6;2,5;2,5;0,95;0,95;0,4;1,2552487455128978;0,0;0,144;0,0576;0,0;1,6;0,0;0,0;0,0;0,0;0,0;1,2552487455128978;0,0;0,18075581935385726;0,0;0,18075581935385726;Reserva bateria e importa energia de red;Estres combinado;1;0,0
Reglas + decision avanzada;4;Edificio B;8,0;1,6;1,6;2,5;2,5;0,95;0,95;0,4;0,6371815946649246;0,0;0,156;0,062400000000000004;0,0;1,6;0,0;0,0;0,0;0,0;0,0;0,6371815946649246;0,0;0,09940032876772824;0,0;0,09940032876772824;Reserva bateria e importa energia de red;Estres combinado;1;0,0
Reglas + decision avanzada;5;Edificio B;8,0;1,6;1,6;2,5;2,5;0,95;0,95;0,4;1,0484854741818832;0,0;0,18;0,072;0,0;1,6;0,0;0,0;0,0;0,0;0,0;1,0484854741818832;0,0;0,18872738535273897;0,0;0,18872738535273897;Reserva bateria e importa energia de red;Estres combinado;1;0,0
Reglas + decision avanzada;6;Edificio B;8,0;1,6;1,6;2,5;2,5;0,95;0,95;0,4;1,8905186550884476;0,22499999999999998;0,216;0,0864;0,22499999999999998;1,6;0,0;0,0;0,0;0,0;0,0;1,6655186550884475;0,0;0,3597520294991047;0,0;0,3597520294991047;Reserva bateria e importa energia de red;Estres combinado;1;0,0
Reglas + decision avanzada;7;Edificio B;8,0;1,6;1,6;2,5;2,5;0,95;0,95;0,4;2,4158481444106985;0,6000000000000001;0,264;0,10560000000000001;0,6000000000000001;1,6;0,0;0,0;0,0;0,0;0,0;1,8158481444106984;0,0;0,4793839101244244;0,0;0,4793839101244244;Reserva bateria e importa energia de red;Estres combinado;1;0,0
Reglas + decision avanzada;8;Edificio B;8,0;1,6;1,6;2,5;2,5;0,95;0,95;0,4;2,8095686006047793;1,125;0,288;0,1152;1,125;1,6;0,0;0,0;0,0;0,0;0,0;1,6845686006047793;0,0;0,4851557569741764;0,0;0,4851557569741764;Reserva bateria e importa energia de red;Estres combinado;1;0,0
Reglas + decision avanzada;9;Edificio B;8,0;1,6;1,6;2,5;2,5;0,95;0,95;0,4;2,236378629313167;1,7999999999999998;0,24;0,096;1,7999999999999998;1,6;0,0;0,0;0,0;0,0;0,0;0,4363786293131673;0,0;0,10473087103516014;0,0;0,10473087103516014;Reserva bateria e importa energia de red;Estres combinado;1;0,0
Reglas + decision avanzada;10;Edificio B;8,0;1,6;1,6;2,5;2,5;0,95;0,95;0,4;2,2592617280183562;2,4000000000000004;0,20400000000000001;0,0816;2,2592617280183562;1,733701358382562;0,14073827198164413;0,13370135838256192;0,0;0,0;0,007036913599082206;0,0;0,0;0,0;0,0;0,0;Carga bateria con excedente PV;Estres combinado;1;0,0
Reglas + decision avanzada;11;Edificio B;8,0;1,6;1,6;2,5;2,5;0,95;0,95;0,4;2,4525974423066925;2,8499999999999996;0,18;0,072;2,4525974423066925;2,1112337881912038;0,3974025576933071;0,37753242980864177;0,0;0,0;0,019870127884665356;0,0;0,0;0,0;0,0;0,0;Carga bateria con excedente PV;Estres combinado;1;0,0
Reglas + decision avanzada;12;Edificio B;8,0;1,6;1,6;2,5;2,5;0,95;0,95;0,4;2,2874770907397126;3,0;0,168;0,06720000000000001;2,2874770907397126;2,788130551988477;0,7125229092602874;0,676896763797273;0,0;0,0;0,03562614546301435;0,0;0,0;0,0;0,0;0,0;Carga bateria con excedente PV;Estres combinado;1;0,0
Reglas + decision avanzada;13;Edificio B;8,0;1,6;1,6;2,5;2,5;0,95;0,95;0,4;2,3187734198795673;2,7750000000000004;0,18;0,072;2,3187734198795673;3,221545803102888;0,45622658012043305;0,43341525111441137;0,0;0,0;0,022811329006021674;0,0;0,0;0,0;0,0;0,0;Carga bateria con excedente PV;Estres combinado;1;0,0
Reglas + decision avanzada;14;Edificio B;8,0;1,6;1,6;2,5;2,5;0,95;0,95;0,4;2,4970304977045417;2,25;0,20400000000000001;0,0816;2,25;3,221545803102888;0,0;0,0;0,0;0,0;0,0;0,24703049770454166;0,0;0,050394221531726506;0,0;0,050394221531726506;Reserva bateria e importa energia de red;Estres combinado;1;0,0
Reglas + decision avanzada;15;Edificio B;8,0;1,6;1,6;2,5;2,5;0,95;0,95;0,4;2,0526912540348357;1,5750000000000002;0,24;0,096;1,5750000000000002;3,221545803102888;0,0;0,0;0,0;0,0;0,0;0,4776912540348355;0,0;0,11464590096836051;0,0;0,11464590096836051;Reserva bateria e importa energia de red;Estres combinado;1;0,0
Reglas + decision avanzada;16;Edificio B;8,0;1,6;1,6;2,5;2,5;0,95;0,95;0,4;2,636556510626193;0,8999999999999999;0,276;0,11040000000000001;0,8999999999999999;1,6;0,0;0,0;1,5404685129477436;1,621545803102888;0,08107729015514442;0,19608799767844953;0,0;0,054120287359252076;0,0;0,054120287359252076;Descarga bateria por apoyo avanzado a la decision;Estres combinado;1;0,0
Reglas + decision avanzada;17;Edificio B;8,0;1,6;1,6;2,5;2,5;0,95;0,95;0,4;3,811500219510052;0,30000000000000004;0,336;0,13440000000000002;0,30000000000000004;1,6;0,0;0,0;0,0;0,0;0,0;3,5115002195100518;0,0;1,1798640737553774;0,0;1,1798640737553774;Reserva bateria e importa energia de red;Estres combinado;1;0,0
Reglas + decision avanzada;18;Edificio B;8,0;1,6;1,6;2,5;2,5;0,95;0,95;0,4;4,065383229127105;0,0;0,36;0,144;0,0;1,6;0,0;0,0;0,0;0,0;0,0;4,065383229127105;0,0;1,4635379624857576;0,0;1,4635379624857576;Reserva bateria e importa energia de red;Estres combinado;1;0,0
Reglas + decision avanzada;19;Edificio B;8,0;1,6;1,6;2,5;2,5;0,95;0,95;0,4;3,8416245451751982;0,0;0,324;0,12960000000000002;0,0;1,6;0,0;0,0;0,0;0,0;0,0;3,8416245451751982;0,0;1,2446863526367642;0,0;1,2446863526367642;Reserva bateria e importa energia de red;Estres combinado;1;0,0
Reglas + decision avanzada;20;Edificio B;8,0;1,6;1,6;2,5;2,5;0,95;0,95;0,4;3,201940579216738;0,0;0,288;0,1152;0,0;1,6;0,0;0,0;0,0;0,0;0,0;3,201940579216738;0,0;0,9221588868144205;0,0;0,9221588868144205;Reserva bateria e importa energia de red;Estres combinado;1;0,0
Reglas + decision avanzada;21;Edificio B;8,0;1,6;1,6;2,5;2,5;0,95;0,95;0,4;2,7318418493307677;0,0;0,24;0,096;0,0;1,6;0,0;0,0;0,0;0,0;0,0;2,7318418493307677;0,0;0,6556420438393842;0,0;0,6556420438393842;Reserva bateria e importa energia de red;Estres combinado;1;0,0
Reglas + decision avanzada;22;Edificio B;8,0;1,6;1,6;2,5;2,5;0,95;0,95;0,4;2,206182681360233;0,0;0,20400000000000001;0,0816;0,0;1,6;0,0;0,0;0,0;0,0;0,0;2,206182681360233;0,0;0,4500612669974876;0,0;0,4500612669974876;Reserva bateria e importa energia de red;Estres combinado;1;0,0
Reglas + decision avanzada;23;Edificio B;8,0;1,6;1,6;2,5;2,5;0,95;0,95;0,4;1,502019771221468;0,0;0,18;0,072;0,0;1,6;0,0;0,0;0,0;0,0;0,0;1,502019771221468;0,0;0,27036355881986424;0,0;0,27036355881986424;Reserva bateria e importa energia de red;Estres combinado;1;0,0
